<?xml version="1.0" encoding="utf-8" standalone="yes"?>
<rss version="2.0" xmlns:atom="http://www.w3.org/2005/Atom">
  <channel>
    <title>Blog on ✨sitoctt✨</title>
    <link>/en/categories/Blog/</link>
    <description>Recent content in Blog on ✨sitoctt✨</description>
    <generator>Hugo</generator>
    <language>en</language>
    <atom:link href="/en/categories/Blog/index.xml" rel="self" type="application/rss+xml" />
    <item>
      <title>📒 Old MicroBlogs</title>
      <link>/en/categories/MicroBlog/</link>
      <pubDate>Thu, 20 Oct 2022 00:00:00 +0000</pubDate>
      <guid>/en/categories/MicroBlog/</guid>
      <description>Caution&#xA;The content of this page has been entirely machine-translated into English, from Italiano. Therefore, it might contain any kind of errors.&#xA;As announced in the article &amp;ldquo;🎇 The reportctt of this 2023, at least in terms of posting! &amp;ldquo;, the Old MicroBlog is now deprecated, and will no longer be updated. What follows is the archive of old content, which will remain readable. The new posts will then be published on the New Unified MicroBlog, accessible from the site menu.</description>
    </item>
  </channel>
</rss>
