<?xml version="1.0" encoding="utf-8" standalone="yes"?>
<rss version="2.0" xmlns:atom="http://www.w3.org/2005/Atom">
  <channel>
    <title>Categories on ✨sitoctt✨</title>
    <link>/en/categories/</link>
    <description>Recent content in Categories on ✨sitoctt✨</description>
    <generator>Hugo</generator>
    <language>en</language>
    <lastBuildDate>Fri, 20 Sep 2024 00:00:00 +0000</lastBuildDate>
    <atom:link href="/en/categories/index.xml" rel="self" type="application/rss+xml" />
    <item>
      <title>Gaming</title>
      <link>/en/categories/Gaming/</link>
      <pubDate>Fri, 20 Sep 2024 00:00:00 +0000</pubDate>
      <guid>/en/categories/Gaming/</guid>
      <description></description>
    </item>
    <item>
      <title>Linux</title>
      <link>/en/categories/Linux/</link>
      <pubDate>Sun, 01 Sep 2024 00:00:00 +0000</pubDate>
      <guid>/en/categories/Linux/</guid>
      <description></description>
    </item>
    <item>
      <title>Internet</title>
      <link>/en/categories/Internet/</link>
      <pubDate>Wed, 28 Aug 2024 00:00:00 +0000</pubDate>
      <guid>/en/categories/Internet/</guid>
      <description></description>
    </item>
    <item>
      <title>Meta</title>
      <link>/en/categories/Meta/</link>
      <pubDate>Sun, 25 Aug 2024 00:00:00 +0000</pubDate>
      <guid>/en/categories/Meta/</guid>
      <description></description>
    </item>
    <item>
      <title>Reviews</title>
      <link>/en/categories/Reviews/</link>
      <pubDate>Sun, 07 Apr 2024 00:00:00 +0000</pubDate>
      <guid>/en/categories/Reviews/</guid>
      <description></description>
    </item>
    <item>
      <title>DIY</title>
      <link>/en/categories/DIY/</link>
      <pubDate>Fri, 15 Sep 2023 00:00:00 +0000</pubDate>
      <guid>/en/categories/DIY/</guid>
      <description></description>
    </item>
    <item>
      <title>Technology</title>
      <link>/en/categories/Technology/</link>
      <pubDate>Fri, 30 Jun 2023 00:00:00 +0000</pubDate>
      <guid>/en/categories/Technology/</guid>
      <description></description>
    </item>
    <item>
      <title>Sysadmin</title>
      <link>/en/categories/Sysadmin/</link>
      <pubDate>Sat, 18 Mar 2023 00:00:00 +0000</pubDate>
      <guid>/en/categories/Sysadmin/</guid>
      <description></description>
    </item>
    <item>
      <title>Rasperino</title>
      <link>/en/categories/Rasperino/</link>
      <pubDate>Sat, 28 Jan 2023 00:00:00 +0000</pubDate>
      <guid>/en/categories/Rasperino/</guid>
      <description></description>
    </item>
    <item>
      <title>📒 Old MicroBlogs</title>
      <link>/en/categories/MicroBlog/</link>
      <pubDate>Sun, 16 Oct 2022 00:00:00 +0000</pubDate>
      <guid>/en/categories/MicroBlog/</guid>
      <description>Caution&#xA;The content of this page has been entirely machine-translated into English, from Italiano. Therefore, it might contain any kind of errors.&#xA;As announced in the article &amp;ldquo;🎇 The reportctt of this 2023, at least in terms of posting!&amp;rdquo;, the Old MicroBlog is now deprecated, and will no longer be updated. What follows is the archive of old content, which will remain readable. The new posts will then be published on the New Unified MicroBlog, accessible from the site menu.</description>
    </item>
    <item>
      <title>Mobile</title>
      <link>/en/categories/Mobile/</link>
      <pubDate>Wed, 27 Jul 2022 00:00:00 +0000</pubDate>
      <guid>/en/categories/Mobile/</guid>
      <description></description>
    </item>
    <item>
      <title>Ecology</title>
      <link>/en/categories/Ecology/</link>
      <pubDate>Sat, 09 Jul 2022 00:00:00 +0000</pubDate>
      <guid>/en/categories/Ecology/</guid>
      <description></description>
    </item>
    <item>
      <title>Fried-Mixed</title>
      <link>/en/categories/Fried-Mixed/</link>
      <pubDate>Mon, 01 Jan 0001 00:00:00 +0000</pubDate>
      <guid>/en/categories/Fried-Mixed/</guid>
      <description></description>
    </item>
  </channel>
</rss>
