<?xml version="1.0" encoding="utf-8" standalone="yes"?>
<rss version="2.0" xmlns:atom="http://www.w3.org/2005/Atom">
  <channel>
    <title>Blog on ✨sitoctt✨</title>
    <link>/es/blog/</link>
    <description>Recent content in Blog on ✨sitoctt✨</description>
    <generator>Hugo</generator>
    <language>es</language>
    <lastBuildDate>Sat, 22 Jun 2024 00:00:00 +0000</lastBuildDate>
    <atom:link href="/es/blog/index.xml" rel="self" type="application/rss+xml" />
    <item>
      <title>📓️ Sobre la transición de los diarios a los blogs y a las redes sociales, una reflexión</title>
      <link>/es/blog/2024-06-22-%EF%B8%8F-Sobre-la-transici%C3%B3n-de-los-diarios-a-los-blogs-y-a-las-redes-sociales-una-reflexi%C3%B3n/</link>
      <pubDate>Sat, 22 Jun 2024 00:00:00 +0000</pubDate>
      <guid>/es/blog/2024-06-22-%EF%B8%8F-Sobre-la-transici%C3%B3n-de-los-diarios-a-los-blogs-y-a-las-redes-sociales-una-reflexi%C3%B3n/</guid>
      <description>Precaución&#xA;El contenido de esta página ha sido íntegramente traducido por máquina al español, a partir de Italiano. Por lo tanto, puede contener errores de cualquier tipo.&#xA;Este año, lo saben mis seguidores más asiduos, disfruto del privilegio de no tener que afrontar el examen final: ya di bastante el año pasado, mientras que ahora me encuentro en la vorágine mucho peor de la universidad. Pero, para aquellos que no prestan la atención necesaria a mis perfiles online: está bien, ya lo han descubierto.</description>
    </item>
    <item>
      <title>🚀 LIBERTY WINGS: un breve juego de rol sobre la libertad (revisión)</title>
      <link>/es/blog/2024-04-07-LIBERTY-WINGS-un-breve-juego-de-rol-sobre-la-libertad-revisi%C3%B3n/</link>
      <pubDate>Sun, 07 Apr 2024 00:00:00 +0000</pubDate>
      <guid>/es/blog/2024-04-07-LIBERTY-WINGS-un-breve-juego-de-rol-sobre-la-libertad-revisi%C3%B3n/</guid>
      <description>Precaución&#xA;El contenido de esta página ha sido íntegramente traducido por máquina al español, a partir de Italiano. Por lo tanto, puede contener errores de cualquier tipo.&#xA;Precisamente anteayer finalizó un game jam, es decir, una competición (online) de desarrollo de videojuegos, basada en la creación de algo utilizando RPG Maker 95, una versión muy antigua de la serie de motores de juego en cuestión. &amp;hellip; ¿Parece que no fue bien publicitado?</description>
    </item>
    <item>
      <title>🎇 El informe de este 2023, ¡al menos en términos de publicaciones!</title>
      <link>/es/blog/2023-12-31-El-informe-de-este-2023-al-menos-en-t%C3%A9rminos-de-publicaciones/</link>
      <pubDate>Sun, 31 Dec 2023 00:00:00 +0000</pubDate>
      <guid>/es/blog/2023-12-31-El-informe-de-este-2023-al-menos-en-t%C3%A9rminos-de-publicaciones/</guid>
      <description>Precaución&#xA;El contenido de esta página ha sido íntegramente traducido por máquina al español, a partir de Italiano. Por lo tanto, puede contener errores de cualquier tipo.&#xA;Para fin de año muchos hacen una lista de buenos propósitos para el nuevo año, mientras que esta vez yo estoy recopilando algunas de mis carencias&amp;hellip; bienvenidos de nuevo a mi mundo.&#xA;Me temo que también tengo que apresurarme un poco con este post, porque si saliera el día 31, probablemente a nadie le importaría un carajo&amp;hellip; al menos no antes del año que viene (y dicho esto, da mucho miedo, me saber).</description>
    </item>
    <item>
      <title>📎 Pinzas para el cabello, reducidas a pegamento y guijarros</title>
      <link>/es/blog/2023-09-15-Pinzas-para-el-cabello-reducidas-a-pegamento-y-guijarros/</link>
      <pubDate>Fri, 15 Sep 2023 00:00:00 +0000</pubDate>
      <guid>/es/blog/2023-09-15-Pinzas-para-el-cabello-reducidas-a-pegamento-y-guijarros/</guid>
      <description>Precaución&#xA;El contenido de esta página ha sido íntegramente traducido por máquina al español, a partir de Italiano. Por lo tanto, puede contener errores de cualquier tipo.&#xA;Por una extraña serie de razones, este artículo permaneció en mis borradores durante más de un mes, a pesar de que estaba prácticamente terminado. Bueno, más vale tarde que nunca, feliz lectura&amp;hellip;&#xA;Entonces: de alguna manera, un día llegó misteriosamente el onomástico de mi madre y, por lo tanto, me encontré queriendo (¿teniendo que?</description>
    </item>
    <item>
      <title>🏖️ Reseña: Pipì nel Mare (Mar Tirreno)</title>
      <link>/es/blog/2023-08-11-%EF%B8%8F-Rese%C3%B1a-Pip%C3%AC-nel-Mare-Mar-Tirreno/</link>
      <pubDate>Fri, 11 Aug 2023 00:00:00 +0000</pubDate>
      <guid>/es/blog/2023-08-11-%EF%B8%8F-Rese%C3%B1a-Pip%C3%AC-nel-Mare-Mar-Tirreno/</guid>
      <description>Precaución&#xA;El contenido de esta página ha sido íntegramente traducido por máquina al español, a partir de Italiano. Por lo tanto, puede contener errores de cualquier tipo.&#xA;Ahora que el verano está en su apogeo, en otro agosto extremadamente caluroso, es prácticamente imprescindible que se respeten todas las tradiciones de la temporada, nuevamente este año.&#xA;¿Adónde vas de vacaciones esta vez también? Pero, por supuesto, junto al mar. En tu opinión, quién tiene más autoridad al respecto: todos esos desconocidos que cada vez, casi por inercia, vuelven a elegir puntualmente la montaña, esperando que de alguna manera esta enésima vez pueda ser la buena y divertida&amp;hellip; ¿O el poeta italiano Gabriele D&amp;rsquo;Annunzio, quien, en particular en lugares costeros, experimentó meses de verano tan profundos y memorables que sintió la necesidad irreprimible de escribir sobre una colección completa de poemas?</description>
    </item>
    <item>
      <title>☣️ La fealdad irresoluble del dock de Nintendo Switch (Parte I)</title>
      <link>/es/blog/2023-06-30-%EF%B8%8F-La-fealdad-irresoluble-del-dock-de-Nintendo-Switch-Parte-I/</link>
      <pubDate>Fri, 30 Jun 2023 00:00:00 +0000</pubDate>
      <guid>/es/blog/2023-06-30-%EF%B8%8F-La-fealdad-irresoluble-del-dock-de-Nintendo-Switch-Parte-I/</guid>
      <description>Precaución&#xA;El contenido de esta página ha sido íntegramente traducido por máquina al español, a partir de Italiano. Por lo tanto, puede contener errores de cualquier tipo.&#xA;Nota: Este artículo debería haber ilustrado primero los problemas con la base Switch, pero luego continuó y terminó con el desarrollo total de mi alternativa. solución. La primera parte fue bastante larga, sin embargo, y temo que pueda eclipsar la parte realmente importante, la de mi solución peligrosamente original.</description>
    </item>
    <item>
      <title>😭 Más que un examen, fui a la guerra.</title>
      <link>/es/blog/2023-05-02-M%C3%A1s-que-un-examen-fui-a-la-guerra./</link>
      <pubDate>Tue, 02 May 2023 00:00:00 +0000</pubDate>
      <guid>/es/blog/2023-05-02-M%C3%A1s-que-un-examen-fui-a-la-guerra./</guid>
      <description>Precaución&#xA;El contenido de esta página ha sido íntegramente traducido por máquina al español, a partir de Italiano. Por lo tanto, puede contener errores de cualquier tipo.&#xA;Como por el título, este fue el pensamiento poético que me dio mi madre hoy, después de que regresé a casa por la tarde con una psique completamente borrada e irreconocible.&#xA;Hasta 30 minutos antes, buena Maremma, solo quería explotar**. Pero ojo: no para el examen en sí (el último de una serie de exámenes extraescolares, precisamente), muy sencillo para mí, ¡que no me importa excepto la certificación!</description>
    </item>
    <item>
      <title>🏴‍☠️ ¿Qué impacto tendrá la nueva ley italiana antipiratería?</title>
      <link>/es/blog/2023-04-16-%EF%B8%8F-Qu%C3%A9-impacto-tendr%C3%A1-la-nueva-ley-italiana-antipirater%C3%ADa/</link>
      <pubDate>Sun, 16 Apr 2023 00:00:00 +0000</pubDate>
      <guid>/es/blog/2023-04-16-%EF%B8%8F-Qu%C3%A9-impacto-tendr%C3%A1-la-nueva-ley-italiana-antipirater%C3%ADa/</guid>
      <description>Precaución&#xA;El contenido de esta página ha sido íntegramente traducido por máquina al español, a partir de Italiano. Por lo tanto, puede contener errores de cualquier tipo.&#xA;Algunos lo sabrán, en Italia se aprobó la nueva ley antipiratería, y ahora las dudas con las que nos enfrentamos los entusiastas del libre intercambio son diferentes:&#xA;¿Cuándo entrará en vigor? (Espero que no exactamente en el momento en que escribo este post 😰) ¿Cuánto dinero habrán gastado los lobbies del entretenimiento para garantizar que la ley fuera aprobada con total unanimidad?</description>
    </item>
    <item>
      <title>🔋 Todo para no cambiar dos pilas...</title>
      <link>/es/blog/2023-04-03-Todo-para-no-cambiar-dos-pilas.../</link>
      <pubDate>Mon, 03 Apr 2023 00:00:00 +0000</pubDate>
      <guid>/es/blog/2023-04-03-Todo-para-no-cambiar-dos-pilas.../</guid>
      <description>Precaución&#xA;El contenido de esta página ha sido íntegramente traducido por máquina al español, a partir de Italiano. Por lo tanto, puede contener errores de cualquier tipo.&#xA;Hace entre 1 y 2 meses - date cuenta cuánto tiempo pasó antes** Definitivamente me molesté - las pilas en el control remoto del *televisor * que Sigo en mi escritorio (lo uso como segundo monitor) y comencé a quedarme sin carga más allá del límite de usabilidad soportable.</description>
    </item>
    <item>
      <title>🤯 Cuando los problemas de hardware se vuelven mentales (maldito Raspino)</title>
      <link>/es/blog/2023-01-28-Cuando-los-problemas-de-hardware-se-vuelven-mentales-maldito-Raspino/</link>
      <pubDate>Sat, 28 Jan 2023 00:00:00 +0000</pubDate>
      <guid>/es/blog/2023-01-28-Cuando-los-problemas-de-hardware-se-vuelven-mentales-maldito-Raspino/</guid>
      <description>Precaución&#xA;El contenido de esta página ha sido íntegramente traducido por máquina al español, a partir de Italiano. Por lo tanto, puede contener errores de cualquier tipo.&#xA;Hasta ahora, hace 2 meses, mi reino de Rasperino estaba en su máximo esplendor: la instancia de Misskey, creada apenas 2 semanas antes, iba muy bien, y a estas alturas (casi ) todo parecía destinado a seguir bien&amp;hellip; Y en cambio, surgieron problemas.</description>
    </item>
    <item>
      <title>🐕u200d🦺 Epicyon, plataforma Fediverse que dura 2 días</title>
      <link>/es/blog/2022-12-26-u200d-Epicyon-plataforma-Fediverse-que-dura-2-d%C3%ADas/</link>
      <pubDate>Mon, 26 Dec 2022 00:00:00 +0000</pubDate>
      <guid>/es/blog/2022-12-26-u200d-Epicyon-plataforma-Fediverse-que-dura-2-d%C3%ADas/</guid>
      <description>Precaución&#xA;El contenido de esta página ha sido íntegramente traducido por máquina al español, a partir de Italiano. Por lo tanto, puede contener errores de cualquier tipo.&#xA;A estas alturas, lo sabemos, cuanto más pasa el tiempo, más termino explorando detalles cada vez más minuciosos del Fediverse. Hoy les hablaré un poco sobre una plataforma bastante desconocida en este mundo, que tenía buenas premisas, pero resultó ser un callejón sin salida: Epicyon.</description>
    </item>
    <item>
      <title>⚡️ Blogs rápidos con notas estándar</title>
      <link>/es/blog/2022-12-13-%EF%B8%8F-Blogs-r%C3%A1pidos-con-notas-est%C3%A1ndar/</link>
      <pubDate>Tue, 13 Dec 2022 00:00:00 +0000</pubDate>
      <guid>/es/blog/2022-12-13-%EF%B8%8F-Blogs-r%C3%A1pidos-con-notas-est%C3%A1ndar/</guid>
      <description>Precaución&#xA;El contenido de esta página ha sido íntegramente traducido por máquina al español, a partir de Italiano. Por lo tanto, puede contener errores de cualquier tipo.&#xA;He estado usando Standard Notes como mi aplicación de notas personal desde hace mucho tiempo.&#xA;Hace años lo elegí por ser gratuito y de código abierto, pero al mismo tiempo muy limpio, ordenado y funcional. Encajaba perfectamente en un momento en el que buscaba algo que admitiera el cifrado de datos que funcionara, sin afectar la usabilidad.</description>
    </item>
    <item>
      <title>Actualizaciones de DSpacc - Clave maldita</title>
      <link>/es/blog/2022-10-16-Actualizaciones-de-DSpacc-Clave-maldita/</link>
      <pubDate>Sun, 16 Oct 2022 00:00:00 +0000</pubDate>
      <guid>/es/blog/2022-10-16-Actualizaciones-de-DSpacc-Clave-maldita/</guid>
      <description>Precaución&#xA;El contenido de esta página ha sido íntegramente traducido por máquina al español, a partir de Italiano. Por lo tanto, puede contener errores de cualquier tipo.&#xA;Hace un mes, en el [post del 18 de octubre](./2022-09-18- Quando-Metto-Mano-Io-Spacc.html), dije brevemente que era el DSpacc, y que nuevo lío tenía causado.&#xA;Bueno, esta vez lo hice aún peor; Para entender las proporciones, es bueno repasar por un segundo lo que había escrito.</description>
    </item>
    <item>
      <title>Nuevas fronteras</title>
      <link>/es/blog/2022-09-23-Nuevas-fronteras/</link>
      <pubDate>Fri, 23 Sep 2022 00:00:00 +0000</pubDate>
      <guid>/es/blog/2022-09-23-Nuevas-fronteras/</guid>
      <description>Precaución&#xA;El contenido de esta página ha sido íntegramente traducido por máquina al español, a partir de Italiano. Por lo tanto, puede contener errores de cualquier tipo.&#xA;Desde que lo descubrí hace unos días. Estoy probando ese software épico que es TiddlyWiki.&#xA;Inicialmente lo encontré mientras buscaba algo para organizar notas en un formato rico, que pudiera usar para la escuela y que obviamente fuera gratis.&#xA;Es un software wiki, prácticamente en la misma categoría que MediaWiki (el software en el que se basa Wikipedia), pero tiene características muy particulares.</description>
    </item>
    <item>
      <title>Cuando tengo en mis manos me rockeo</title>
      <link>/es/blog/2022-09-18-Cuando-tengo-en-mis-manos-me-rockeo/</link>
      <pubDate>Sun, 18 Sep 2022 00:00:00 +0000</pubDate>
      <guid>/es/blog/2022-09-18-Cuando-tengo-en-mis-manos-me-rockeo/</guid>
      <description>Precaución&#xA;El contenido de esta página ha sido íntegramente traducido por máquina al español, a partir de Italiano. Por lo tanto, puede contener errores de cualquier tipo.&#xA;El otro día recordé, digamos, el hecho de que tengo una Nintendo DSpacc en mi cajón.&#xA;No me avergüenza admitir que está en desuso, porque lo único que puedo jugar con él es Pokémon Rubí.&#xA;¡Pero no porque solo quede una pantalla! Es porque&amp;hellip;</description>
    </item>
    <item>
      <title>¿Qué está pasando?</title>
      <link>/es/blog/2022-09-11-Qu%C3%A9-est%C3%A1-pasando/</link>
      <pubDate>Sun, 11 Sep 2022 00:00:00 +0000</pubDate>
      <guid>/es/blog/2022-09-11-Qu%C3%A9-est%C3%A1-pasando/</guid>
      <description>Precaución&#xA;El contenido de esta página ha sido íntegramente traducido por máquina al español, a partir de Italiano. Por lo tanto, puede contener errores de cualquier tipo.&#xA;Estos últimos 7 días se ha dicho o hecho muy poco aquí en el sitio ctt.&#xA;Creé esta sección para usarla como diario general, pero recién ahora estoy escribiendo algo.&#xA;En primer lugar, la escuela empezó de nuevo anteayer para mí.&#xA;Todavía es pronto para que me robe el tiempo por la tarde, pero por la mañana la historia es un poco la que es.</description>
    </item>
    <item>
      <title>📈 sitoctt - Desde hace 3 meses hasta hoy, el inicio y los motivos</title>
      <link>/es/blog/2022-08-26-sitoctt-Desde-hace-3-meses-hasta-hoy-el-inicio-y-los-motivos/</link>
      <pubDate>Fri, 26 Aug 2022 00:00:00 +0000</pubDate>
      <guid>/es/blog/2022-08-26-sitoctt-Desde-hace-3-meses-hasta-hoy-el-inicio-y-los-motivos/</guid>
      <description>Precaución&#xA;El contenido de esta página ha sido íntegramente traducido por máquina al español, a partir de Italiano. Por lo tanto, puede contener errores de cualquier tipo.&#xA;Este artículo probablemente pueda considerarse como el primero de una serie sobre la filosofía del sitio, si así se quiere decir.&#xA;Para empezar, ¿qué es mejor hablar sino de todo lo que propició el nacimiento del sitio y empezó a caracterizarlo?&#xA;Cuando, hace ya 3 meses, recién comencé a concebir el sitio ctt, una de las cosas que sentí fue que no tenía un lugar donde colocar mis cosas - las cosas que debían ser preservadas y compartidas.</description>
    </item>
    <item>
      <title>👾 Emulación NDS, Google Play y una historia oscura</title>
      <link>/es/blog/2022-07-27-Emulaci%C3%B3n-NDS-Google-Play-y-una-historia-oscura/</link>
      <pubDate>Wed, 27 Jul 2022 00:00:00 +0000</pubDate>
      <guid>/es/blog/2022-07-27-Emulaci%C3%B3n-NDS-Google-Play-y-una-historia-oscura/</guid>
      <description>Precaución&#xA;El contenido de esta página ha sido íntegramente traducido por máquina al español, a partir de Italiano. Por lo tanto, puede contener errores de cualquier tipo.&#xA;La Nintendo DS. Basta, no hace falta decir nada más; después de todo, entre los conocedores nos entendemos. Una consola que, hace 15 años, supo innovar el mercado con el mismo espíritu con el que innovó la Gameboy en su momento. Una consola cuyas exclusivas siguen siendo, aún hoy, perlas atemporales.</description>
    </item>
    <item>
      <title>🥸️ Cómo nos jode nuestra huella social digital</title>
      <link>/es/blog/2022-07-17-%EF%B8%8F-C%C3%B3mo-nos-jode-nuestra-huella-social-digital/</link>
      <pubDate>Sun, 17 Jul 2022 00:00:00 +0000</pubDate>
      <guid>/es/blog/2022-07-17-%EF%B8%8F-C%C3%B3mo-nos-jode-nuestra-huella-social-digital/</guid>
      <description>Precaución&#xA;El contenido de esta página ha sido íntegramente traducido por máquina al español, a partir de Italiano. Por lo tanto, puede contener errores de cualquier tipo.&#xA;Esta historia, más práctica que nunca, es increíble en mi opinión.&#xA;No solo demuestra a qué pueden llegar las lolis con demasiado tiempo libre, como yo; muestra cómo todos entre nosotros tenemos una especie de &amp;ldquo;huella digital social&amp;rdquo; que, si no se disfraza adecuadamente, puede identificarnos.</description>
    </item>
    <item>
      <title>💻 Cómo arreglé mi portátil (con 25€)</title>
      <link>/es/blog/2022-07-09-C%C3%B3mo-arregl%C3%A9-mi-port%C3%A1til-con-25/</link>
      <pubDate>Sat, 09 Jul 2022 00:00:00 +0000</pubDate>
      <guid>/es/blog/2022-07-09-C%C3%B3mo-arregl%C3%A9-mi-port%C3%A1til-con-25/</guid>
      <description>Precaución&#xA;El contenido de esta página ha sido íntegramente traducido por máquina al español, a partir de Italiano. Por lo tanto, puede contener errores de cualquier tipo.&#xA;Desde hace casi 7 años tengo un portátil Acer, Aspire V3-572G, sin duda ahora un poco viejo, sin elogios y con algo de infamia.&#xA;Cuando se compró, era esencialmente un portátil de gama media como cualquier otro, sin características destacables. Quiero decir, lo usé bastante y más o menos siempre hizo lo que se suponía que debía hacer, hasta que hace aproximadamente 2 años comencé a exigir el uso de juegos pesados ​​y herramientas de desarrollo, momento en el cual la nueva PC (de escritorio) era genial.</description>
    </item>
    <item>
      <title>⌨️ La idea de un teclado físico casero para teléfono inteligente</title>
      <link>/es/blog/2022-07-03-%EF%B8%8F-La-idea-de-un-teclado-f%C3%ADsico-casero-para-tel%C3%A9fono-inteligente/</link>
      <pubDate>Sun, 03 Jul 2022 00:00:00 +0000</pubDate>
      <guid>/es/blog/2022-07-03-%EF%B8%8F-La-idea-de-un-teclado-f%C3%ADsico-casero-para-tel%C3%A9fono-inteligente/</guid>
      <description>Precaución&#xA;El contenido de esta página ha sido íntegramente traducido por máquina al español, a partir de Italiano. Por lo tanto, puede contener errores de cualquier tipo.&#xA;Quizás hace un año, en parte por curiosidad y en parte porque ya imaginaba que podría haber sido algo conveniente, desarrollé un interés marginal por los smartphones equipados con teclados físicos completos.&#xA;No me refiero a los malditos teclados numéricos, que todavía se ven hoy en día en los teléfonos que no son inteligentes, me refiero a teclados con docenas de teclas individuales dedicadas a letras y símbolos.</description>
    </item>
    <item>
      <title>☀️ Rasperino Solare (y otros experimentos que salieron mal)</title>
      <link>/es/blog/2022-06-23-%EF%B8%8F-Rasperino-Solare-y-otros-experimentos-que-salieron-mal/</link>
      <pubDate>Thu, 23 Jun 2022 00:00:00 +0000</pubDate>
      <guid>/es/blog/2022-06-23-%EF%B8%8F-Rasperino-Solare-y-otros-experimentos-que-salieron-mal/</guid>
      <description>Precaución&#xA;El contenido de esta página ha sido íntegramente traducido por máquina al español, a partir de Italiano. Por lo tanto, puede contener errores de cualquier tipo.&#xA;Hace unos meses compré online un pequeño panel solar monocristalino, con unas dimensiones similares a las de una hoja A4, por unos 20€ (en Amazon.it los vendedores son todos unos ladrones, en Aliexpress habría costado un poco menos).&#xA;![Captura de pantalla de una foto enviada en el chat.</description>
    </item>
    <item>
      <title>📄 Los documentos no deben convertirse en solicitudes</title>
      <link>/es/blog/2022-06-14-Los-documentos-no-deben-convertirse-en-solicitudes/</link>
      <pubDate>Tue, 14 Jun 2022 00:00:00 +0000</pubDate>
      <guid>/es/blog/2022-06-14-Los-documentos-no-deben-convertirse-en-solicitudes/</guid>
      <description>Precaución&#xA;El contenido de esta página ha sido íntegramente traducido por máquina al español, a partir de Italiano. Por lo tanto, puede contener errores de cualquier tipo.&#xA;La Web actual es sin duda muy diferente a la de hace 20 años, y cambia cada vez más con cada año que pasa.&#xA;Mirar los lados positivos del progreso siempre es muy fácil y tranquilizador, y por esta razón rara vez pensamos en los lados oscuros que, en muchas, muchas cosas, existen.</description>
    </item>
    <item>
      <title>🌐️ ¿Cómo y por qué sitectt en Tor?</title>
      <link>/es/blog/2022-06-03-%EF%B8%8F-C%C3%B3mo-y-por-qu%C3%A9-sitectt-en-Tor/</link>
      <pubDate>Fri, 03 Jun 2022 00:00:00 +0000</pubDate>
      <guid>/es/blog/2022-06-03-%EF%B8%8F-C%C3%B3mo-y-por-qu%C3%A9-sitectt-en-Tor/</guid>
      <description>Precaución&#xA;El contenido de esta página ha sido íntegramente traducido por máquina al español, a partir de Italiano. Por lo tanto, puede contener errores de cualquier tipo.&#xA;En los últimos días he resuelto las primeras cuestiones relativas a la disponibilidad del sitio en la red Tor. Hay quienes me llamarán exagerado por siquiera tener la idea de hacer algo como esto, pero es poco lo que se puede hacer.</description>
    </item>
    <item>
      <title>Las ventajas inesperadas del dispositivo Linux</title>
      <link>/es/blog/2022-05-07-Las-ventajas-inesperadas-del-dispositivo-Linux/</link>
      <pubDate>Sat, 07 May 2022 00:00:00 +0000</pubDate>
      <guid>/es/blog/2022-05-07-Las-ventajas-inesperadas-del-dispositivo-Linux/</guid>
      <description>Precaución&#xA;El contenido de esta página ha sido íntegramente traducido por máquina al español, a partir de Italiano. Por lo tanto, puede contener errores de cualquier tipo.&#xA;Una cosa que hice hace meses y que, hasta ahora, ha demostrado ser una elección ganadora, fue instalar un sistema operativo basado en Linux, en modo persistente, en un pequeña memoria USB.&#xA;Las razones por las que quise hacerlo inicialmente son quizás simples y banales, pero me dio, tras un análisis cuidadoso, algunas ventajas inesperadas que fueron mucho más que bienvenidas.</description>
    </item>
    <item>
      <title>Archivos del MicroBlog de septiembre de 2019</title>
      <link>/es/blog/1-01-01-Archivos-del-MicroBlog-de-septiembre-de-2019/</link>
      <pubDate>Mon, 01 Jan 0001 00:00:00 +0000</pubDate>
      <guid>/es/blog/1-01-01-Archivos-del-MicroBlog-de-septiembre-de-2019/</guid>
      <description>Precaución&#xA;El contenido de esta página ha sido íntegramente traducido por máquina al español, a partir de Italiano. Por lo tanto, puede contener errores de cualquier tipo.&#xA;[2019-09-18 20:58] Lagwei lazur A.y: ooooo&#xA;Octt: que ezear ese lazur morado&#xA;Oct: los misterios de lagwei&#xA;[&amp;hellip;] {: .Centro }&#xA;A.y: ser sensor de proximidad&#xA;A.y: si rompes vidrio encima de eso&#xA;A.y: Lo sé por experiencia&#xA;no, eso no es cierto [2019-09-17 15:16] Varias pruebas con el Galaxy Player : Buen Lagsung</description>
    </item>
  </channel>
</rss>
