<?xml version="1.0" encoding="utf-8" standalone="yes"?>
<rss version="2.0" xmlns:atom="http://www.w3.org/2005/Atom">
  <channel>
    <title>Meta on ✨sitoctt✨</title>
    <link>/it/categories/Meta/</link>
    <description>Recent content in Meta on ✨sitoctt✨</description>
    <generator>Hugo</generator>
    <language>it</language>
    <lastBuildDate>Sun, 25 Aug 2024 00:00:00 +0000</lastBuildDate>
    <atom:link href="/it/categories/Meta/index.xml" rel="self" type="application/rss+xml" />
    <item>
      <title>Sul sitoctt</title>
      <link>/it/miscellanea/Sul-sitoctt/</link>
      <pubDate>Sun, 25 Aug 2024 00:00:00 +0000</pubDate>
      <guid>/it/miscellanea/Sul-sitoctt/</guid>
      <description>Questa qui era inizialmente la pagina home del sito, ma è diventata così problematicamente lunga che&amp;hellip; lasciamo stare, sulla nuova home c&amp;rsquo;è spiegato tutto. Qui, dunque, la classica serie di informazioni sfuse riguardo il ✨sitoctt✨ (in parte vecchie, verranno aggiornate in base alle novità)! 😊&#xA;✨sitoctt✨ ✨sitoctt✨ ✨sitoctt✨ Da dove viene il nome ✨sitoctt✨? Dal fatto che è letteralmente il mio sito, perchè io sono octt e quindi sito + octt = ✨sitoctt✨ (pronuncia: &amp;ldquo;sitòctt&amp;rdquo;).</description>
    </item>
    <item>
      <title>💰 Donazioni</title>
      <link>/it/miscellanea/Donazioni/</link>
      <pubDate>Sat, 12 Nov 2022 00:00:00 +0000</pubDate>
      <guid>/it/miscellanea/Donazioni/</guid>
      <description>Mi hanno detto che dovrei rendere il sitoctt a scopo di lucro.&#xA;In effetti, pensandoci bene, hanno ragione, ma.. c&amp;rsquo;è un ma.&#xA;Visto che non posso, per ovvi motivi di decenza umana, mettere pubblicità, tracker assortiti, o cryptominer nel sito, opto per qualcosa di meno invasivo: questa pagina.&#xA;Se il sitoctt ti piace, e vuoi aiutarmi a migliorarlo ed aggiornarlo più frequentemente, puoi farmi una donazione libera.&#xA;(Si, la roba dello scopo di lucro è uno scherzo, mi faceva ridere e ho voluto scriverla, ma il sito rimarrà sempre e comunque una robina che faccio perché semplicemente mi piace e non ho molto di meglio o più produttivo da fare.</description>
    </item>
  </channel>
</rss>
