<?xml version="1.0" encoding="utf-8" standalone="yes"?>
<rss version="2.0" xmlns:atom="http://www.w3.org/2005/Atom">
  <channel>
    <title>🕹️ Collection de jeux vidéo on ✨sitoctt✨</title>
    <link>/fr/miscellanea/raccolta-videogiochi/</link>
    <description>Recent content in 🕹️ Collection de jeux vidéo on ✨sitoctt✨</description>
    <generator>Hugo</generator>
    <language>fr</language>
    <lastBuildDate>Sat, 01 Apr 2023 00:00:00 +0000</lastBuildDate>
    <atom:link href="/fr/miscellanea/raccolta-videogiochi/index.xml" rel="self" type="application/rss+xml" />
    <item>
      <title>⛏️ Minecraft</title>
      <link>/fr/miscellanea/raccolta-videogiochi/%EF%B8%8F-Minecraft/</link>
      <pubDate>Sat, 01 Apr 2023 00:00:00 +0000</pubDate>
      <guid>/fr/miscellanea/raccolta-videogiochi/%EF%B8%8F-Minecraft/</guid>
      <description>Prudence&#xA;Le contenu de cette page a été entièrement et automatiquement traduit en français, à partir de Italiano. Il peut donc contenir toutes sortes d&amp;rsquo;erreurs.&#xA;Je crois que Minecraft peut être défini comme le jeu moderne (pour le meilleur ou pour le pire) qui développe une complexité potentiellement infinie à partir de prémisses simples. Dans le bon sens, évidemment : la complexité impressionne et récompense ceux qui la recherchent, mais le titre reste jouable pour tous.</description>
    </item>
    <item>
      <title>🏃‍♀️ Mirror&#39;s Edge</title>
      <link>/fr/miscellanea/raccolta-videogiochi/%EF%B8%8F-Mirrors-Edge/</link>
      <pubDate>Sat, 01 Apr 2023 00:00:00 +0000</pubDate>
      <guid>/fr/miscellanea/raccolta-videogiochi/%EF%B8%8F-Mirrors-Edge/</guid>
      <description>Prudence&#xA;Le contenu de cette page a été entièrement et automatiquement traduit en français, à partir de Italiano. Il peut donc contenir toutes sortes d&amp;rsquo;erreurs.&#xA;https://youtu.be/2N1TJP1cxmo La meilleure façon de décrire Mirror&amp;rsquo;s Edge est de dire que c&amp;rsquo;est un jeu en mouvement constant. Littéralement debout au bord du miroir, les bords de l&amp;rsquo;énorme verre dont sont faits les bâtiments de La Città, on court et saute sans aucun frein.</description>
    </item>
    <item>
      <title>💣 Démineur</title>
      <link>/fr/miscellanea/raccolta-videogiochi/D%C3%A9mineur/</link>
      <pubDate>Tue, 28 Mar 2023 00:00:00 +0000</pubDate>
      <guid>/fr/miscellanea/raccolta-videogiochi/D%C3%A9mineur/</guid>
      <description>Prudence&#xA;Le contenu de cette page a été entièrement et automatiquement traduit en français, à partir de Italiano. Il peut donc contenir toutes sortes d&amp;rsquo;erreurs.&#xA;Dans Démineur (en italien officiellement &amp;ldquo;Minefield&amp;rdquo;) vous disposez d&amp;rsquo;une grille de jeu dans laquelle des bombes ont été placées aléatoirement (par un algorithme). Pour gagner, vous devez tous les localiser sans en faire exploser aucun.&#xA;Les règles sont simples, mais le jeu atteint facilement des niveaux élevés de complexité et possède un je-ne-sais-quoi dont vous ne pouvez pas vous passer.</description>
    </item>
    <item>
      <title>🔢️ 2048</title>
      <link>/fr/miscellanea/raccolta-videogiochi/%EF%B8%8F-2048/</link>
      <pubDate>Sun, 26 Mar 2023 00:00:00 +0000</pubDate>
      <guid>/fr/miscellanea/raccolta-videogiochi/%EF%B8%8F-2048/</guid>
      <description>Prudence&#xA;Le contenu de cette page a été entièrement et automatiquement traduit en français, à partir de Italiano. Il peut donc contenir toutes sortes d&amp;rsquo;erreurs.&#xA;2048 est un jeu de réflexion simple dans lequel vous disposez d&amp;rsquo;une grille de tuiles numérotées générées aléatoirement que vous pouvez faire glisser entièrement dans l&amp;rsquo;une des quatre directions. Tous les nombres sont des puissances de 2, et les nombres égaux qui entrent en collision s’additionnent pour devenir leur double.</description>
    </item>
    <item>
      <title>#️⃣️ Nonogramme</title>
      <link>/fr/miscellanea/raccolta-videogiochi/%23%EF%B8%8F%E2%83%A3%EF%B8%8F-Nonogramme/</link>
      <pubDate>Wed, 22 Mar 2023 00:00:00 +0000</pubDate>
      <guid>/fr/miscellanea/raccolta-videogiochi/%23%EF%B8%8F%E2%83%A3%EF%B8%8F-Nonogramme/</guid>
      <description>Prudence&#xA;Le contenu de cette page a été entièrement et automatiquement traduit en français, à partir de Italiano. Il peut donc contenir toutes sortes d&amp;rsquo;erreurs.&#xA;Les Nonogram (aussi appelés Picross, Crucipixel, et une vingtaine d&amp;rsquo;autres noms) sont des puzzles qui consistent à remplir une grille de carrés afin de faire apparaître une image, à l&amp;rsquo;aide des chiffres sur les côtés. de la feuille pour trouver les intersections entre les lignes et les colonnes.</description>
    </item>
    <item>
      <title>✈️ Pilotwings</title>
      <link>/fr/miscellanea/raccolta-videogiochi/%EF%B8%8F-Pilotwings/</link>
      <pubDate>Mon, 01 Jan 0001 00:00:00 +0000</pubDate>
      <guid>/fr/miscellanea/raccolta-videogiochi/%EF%B8%8F-Pilotwings/</guid>
      <description>Prudence&#xA;Le contenu de cette page a été entièrement et automatiquement traduit en français, à partir de Italiano. Il peut donc contenir toutes sortes d&amp;rsquo;erreurs.&#xA;Pilotwings Resort Pilotwings Resort poursuit la série de simulation de vol d&amp;rsquo;arcade Pilotwings d&amp;rsquo;une manière différente. Cela aboutit sur une console portable, la 3DS, entre autres une console qui parvient à vous saisir directement, avec son affichage 3D stéréoscopique. Le jeu se déroule sur l&amp;rsquo;île de Wuhu, le même endroit plein d&amp;rsquo;histoire, de lieux et de mystères que Wii Sports Resort.</description>
    </item>
    <item>
      <title>🍃 Animal Crossing</title>
      <link>/fr/miscellanea/raccolta-videogiochi/Animal-Crossing/</link>
      <pubDate>Mon, 01 Jan 0001 00:00:00 +0000</pubDate>
      <guid>/fr/miscellanea/raccolta-videogiochi/Animal-Crossing/</guid>
      <description>Prudence&#xA;Le contenu de cette page a été entièrement et automatiquement traduit en français, à partir de Italiano. Il peut donc contenir toutes sortes d&amp;rsquo;erreurs.&#xA;Les locaux étaient créatifs, mais ennuyeux : vous êtes un être humain qui, pour une raison quelconque, part en voyage pour s&amp;rsquo;installer dans un village où vivent des animaux humanoïdes avec lesquels vous pouvez interagir. En attendant, vous devez vous endetter auprès d&amp;rsquo;un raton laveur qui vous vend la nouvelle maison à un prix très élevé, et faire ce que vous pouvez pour rembourser, avec des délais qui peuvent devenir infinis.</description>
    </item>
    <item>
      <title>🎩 Un chapeau dans le temps</title>
      <link>/fr/miscellanea/raccolta-videogiochi/Un-chapeau-dans-le-temps/</link>
      <pubDate>Mon, 01 Jan 0001 00:00:00 +0000</pubDate>
      <guid>/fr/miscellanea/raccolta-videogiochi/Un-chapeau-dans-le-temps/</guid>
      <description>Prudence&#xA;Le contenu de cette page a été entièrement et automatiquement traduit en français, à partir de Italiano. Il peut donc contenir toutes sortes d&amp;rsquo;erreurs.&#xA;Jeu de plateforme 3D vivant et frénétique, venant sans doute de l&amp;rsquo;école Super Mario 64. La difficulté de l&amp;rsquo;histoire principale est correcte, et le jeu se déroule agréablement avec une alternance de thèmes et d&amp;rsquo;environnements toujours frais.&#xA;Mais, bref, le charisme du personnage protagoniste donne à lui seul envie de jouer.</description>
    </item>
    <item>
      <title>🐙 Splatoon</title>
      <link>/fr/miscellanea/raccolta-videogiochi/Splatoon/</link>
      <pubDate>Mon, 01 Jan 0001 00:00:00 +0000</pubDate>
      <guid>/fr/miscellanea/raccolta-videogiochi/Splatoon/</guid>
      <description>Prudence&#xA;Le contenu de cette page a été entièrement et automatiquement traduit en français, à partir de Italiano. Il peut donc contenir toutes sortes d&amp;rsquo;erreurs.&#xA;Un jeu de tir à la troisième personne qui est différent des autres est un euphémisme. Splatoon brise les attentes du genre en matière de réalisme de guerre et propose un gameplay mignon et éblouissant de couleurs qui ne s&amp;rsquo;arrête jamais. Il n’y a pas d’humains qui tirent des balles avec du fer, mais des calmars qui renversent de l’encre.</description>
    </item>
    <item>
      <title>🏎️ SuperTuxKart</title>
      <link>/fr/miscellanea/raccolta-videogiochi/%EF%B8%8F-SuperTuxKart/</link>
      <pubDate>Mon, 01 Jan 0001 00:00:00 +0000</pubDate>
      <guid>/fr/miscellanea/raccolta-videogiochi/%EF%B8%8F-SuperTuxKart/</guid>
      <description>Prudence&#xA;Le contenu de cette page a été entièrement et automatiquement traduit en français, à partir de Italiano. Il peut donc contenir toutes sortes d&amp;rsquo;erreurs.&#xA;Un jeu de course de karting avec des environnements mignons et originaux, et de nombreuses mascottes du monde du logiciel libre comme personnages. Il propose différents modes de jeu, de la course classique aux missions avec des objectifs spécifiques, en solo ou multijoueur. D&amp;rsquo;une certaine manière, il a plus que Mario Kart !</description>
    </item>
    <item>
      <title>🧗‍♀️ Céleste</title>
      <link>/fr/miscellanea/raccolta-videogiochi/%EF%B8%8F-C%C3%A9leste/</link>
      <pubDate>Mon, 01 Jan 0001 00:00:00 +0000</pubDate>
      <guid>/fr/miscellanea/raccolta-videogiochi/%EF%B8%8F-C%C3%A9leste/</guid>
      <description>Prudence&#xA;Le contenu de cette page a été entièrement et automatiquement traduit en français, à partir de Italiano. Il peut donc contenir toutes sortes d&amp;rsquo;erreurs.&#xA;Celeste est un joli petit jeu de plateforme, avec des mécaniques originales et un style graphique unique. Mais c&amp;rsquo;est trop difficile.&#xA;J&amp;rsquo;ai essayé d&amp;rsquo;y jouer plusieurs fois, mais à un moment donné de l&amp;rsquo;histoire, la difficulté est devenue trop élevée pour moi. Je devrais peut-être essayer de le terminer en mode guidé, puisque l&amp;rsquo;option est là.</description>
    </item>
    <item>
      <title>🧱Tetris</title>
      <link>/fr/miscellanea/raccolta-videogiochi/Tetris/</link>
      <pubDate>Mon, 01 Jan 0001 00:00:00 +0000</pubDate>
      <guid>/fr/miscellanea/raccolta-videogiochi/Tetris/</guid>
      <description>Prudence&#xA;Le contenu de cette page a été entièrement et automatiquement traduit en français, à partir de Italiano. Il peut donc contenir toutes sortes d&amp;rsquo;erreurs.&#xA;Le jeu a été créé spécifiquement pour permettre aux gens d&amp;rsquo;assembler des carrés de formes particulières qui tombent du ciel.&#xA;Jeu de réflexion très particulier par sa simplicité où, à mesure que la difficulté du jeu augmente, le manque de réflexes rapides peut provoquer la fin prématurée du jeu.</description>
    </item>
  </channel>
</rss>
