<?xml version="1.0" encoding="utf-8" standalone="yes"?>
<rss version="2.0" xmlns:atom="http://www.w3.org/2005/Atom">
  <channel>
    <title>Technology on ✨sitoctt✨</title>
    <link>/en/categories/Technology/</link>
    <description>Recent content in Technology on ✨sitoctt✨</description>
    <generator>Hugo</generator>
    <language>en</language>
    <lastBuildDate>Wed, 22 Mar 2023 00:00:00 +0000</lastBuildDate>
    <atom:link href="/en/categories/Technology/index.xml" rel="self" type="application/rss+xml" />
    <item>
      <title>Rice Harvest</title>
      <link>/en/miscellanea/Rice-Harvest/</link>
      <pubDate>Wed, 22 Mar 2023 00:00:00 +0000</pubDate>
      <guid>/en/miscellanea/Rice-Harvest/</guid>
      <description>Caution&#xA;The content of this page has been entirely machine-translated into English, from Italiano. Therefore, it might contain any kind of errors.&#xA;Rice Collection - or, to put it more correctly, collection of my ricing: interface customizations made to my operating systems.&#xA;In the Linux community, the terms &amp;ldquo;rice&amp;rdquo; and &amp;ldquo;ricing&amp;rdquo; are common to refer to a variety of DIY cosmetic customizations that hobbyists do for a variety of reasons.</description>
    </item>
    <item>
      <title>⌨️ The idea of ​​a homemade physical smartphone keyboard</title>
      <link>/en/blog/2023-03-21-%EF%B8%8F-The-idea-of-a-homemade-physical-smartphone-keyboard/</link>
      <pubDate>Tue, 21 Mar 2023 00:00:00 +0000</pubDate>
      <guid>/en/blog/2023-03-21-%EF%B8%8F-The-idea-of-a-homemade-physical-smartphone-keyboard/</guid>
      <description>Caution&#xA;The content of this page has been entirely machine-translated into English, from Italiano. Therefore, it might contain any kind of errors.&#xA;Maybe a year ago, partly out of curiosity and partly because I already imagined that it might have been something convenient, I developed a marginal interest in smartphones equipped with complete physical keyboards.&#xA;I don&amp;rsquo;t mean the damn numeric keypads, which you still see on non-smart phones today, I mean keyboards with dozens of individual keys dedicated for letters and symbols.</description>
    </item>
    <item>
      <title>The unexpected advantages of the Linux stick</title>
      <link>/en/blog/2022-05-07-The-unexpected-advantages-of-the-Linux-stick/</link>
      <pubDate>Sat, 07 May 2022 00:00:00 +0000</pubDate>
      <guid>/en/blog/2022-05-07-The-unexpected-advantages-of-the-Linux-stick/</guid>
      <description>Caution&#xA;The content of this page has been entirely machine-translated into English, from Italiano. Therefore, it might contain any kind of errors.&#xA;One thing I did months ago that, so far, has proven to be a winning choice, was install a Linux-based operating system, in persistent mode, * on* a small USB stick.&#xA;The reasons why I wanted to do it initially are perhaps simple and banal, but it gave me, upon careful analysis, some unexpected advantages that were much more than welcome.</description>
    </item>
    <item>
      <title>☀️ Rasperino Solare (and other experiments gone wrong)</title>
      <link>/en/blog/1-01-01-%EF%B8%8F-Rasperino-Solare-and-other-experiments-gone-wrong/</link>
      <pubDate>Mon, 01 Jan 0001 00:00:00 +0000</pubDate>
      <guid>/en/blog/1-01-01-%EF%B8%8F-Rasperino-Solare-and-other-experiments-gone-wrong/</guid>
      <description>Caution&#xA;The content of this page has been entirely machine-translated into English, from Italiano. Therefore, it might contain any kind of errors.&#xA;A few months ago I bought a small monocrystalline solar panel online, with dimensions similar to those of an A4 sheet, for the figure of around €20 (on Amazon.it the sellers are all thieves, on Aliexpress it would have cost a little less).&#xA;![Screenshot of a photo sent in chat.</description>
    </item>
    <item>
      <title>💻 How I fixed my laptop (with €25)</title>
      <link>/en/blog/1-01-01-How-I-fixed-my-laptop-with-25/</link>
      <pubDate>Mon, 01 Jan 0001 00:00:00 +0000</pubDate>
      <guid>/en/blog/1-01-01-How-I-fixed-my-laptop-with-25/</guid>
      <description>Caution&#xA;The content of this page has been entirely machine-translated into English, from Italiano. Therefore, it might contain any kind of errors.&#xA;For almost 7 years I have had an Acer laptop, Aspire V3-572G, undoubtedly now a bit old, without praise and with some infamy.&#xA;When it was purchased, it was essentially a mid-range notebook like any other, without any notable features. I mean, I used it quite a bit and it more or less always did what it was supposed to, until about 2 years ago I started demanding to use heavy games and development tools, at which point the new (desktop) PC was great.</description>
    </item>
  </channel>
</rss>
