<?xml version="1.0" encoding="utf-8" standalone="yes"?>
<rss version="2.0" xmlns:atom="http://www.w3.org/2005/Atom">
  <channel>
    <title>Mobile on ✨sitoctt✨</title>
    <link>/fr/categories/Mobile/</link>
    <description>Recent content in Mobile on ✨sitoctt✨</description>
    <generator>Hugo</generator>
    <language>fr</language>
    <lastBuildDate>Tue, 21 Mar 2023 00:00:00 +0000</lastBuildDate>
    <atom:link href="/fr/categories/Mobile/index.xml" rel="self" type="application/rss+xml" />
    <item>
      <title>👾 Émulation NDS, Google Play et un sombre historique</title>
      <link>/fr/blog/2022-07-27-%C3%89mulation-NDS-Google-Play-et-un-sombre-historique/</link>
      <pubDate>Wed, 27 Jul 2022 00:00:00 +0000</pubDate>
      <guid>/fr/blog/2022-07-27-%C3%89mulation-NDS-Google-Play-et-un-sombre-historique/</guid>
      <description>Prudence&#xA;Le contenu de cette page a été entièrement et automatiquement traduit en français, à partir de Italiano. Il peut donc contenir toutes sortes d&amp;rsquo;erreurs.&#xA;La Nintendo DS. Assez, il n&amp;rsquo;est pas nécessaire de dire autre chose ; après tout, entre connaisseurs, on se comprend. Une console qui, il y a 15 ans, a su innover sur le marché avec le même esprit avec lequel la Gameboy innovait à son époque.</description>
    </item>
    <item>
      <title>⌨️ L&#39;idée d&#39;un clavier physique pour smartphone fait maison</title>
      <link>/fr/blog/2022-07-03-%EF%B8%8F-Lid%C3%A9e-dun-clavier-physique-pour-smartphone-fait-maison/</link>
      <pubDate>Sun, 03 Jul 2022 00:00:00 +0000</pubDate>
      <guid>/fr/blog/2022-07-03-%EF%B8%8F-Lid%C3%A9e-dun-clavier-physique-pour-smartphone-fait-maison/</guid>
      <description>Prudence&#xA;Le contenu de cette page a été entièrement et automatiquement traduit en français, à partir de Italiano. Il peut donc contenir toutes sortes d&amp;rsquo;erreurs.&#xA;Il y a peut-être un an, en partie par curiosité et en partie parce que j&amp;rsquo;imaginais déjà que cela aurait pu être quelque chose de pratique, j&amp;rsquo;ai développé un intérêt marginal pour les smartphones équipés de claviers physiques complets.&#xA;Je ne parle pas des foutus claviers numériques, que l&amp;rsquo;on voit encore aujourd&amp;rsquo;hui sur les téléphones non intelligents, je veux dire des claviers avec des dizaines de touches individuelles dédiées aux lettres et aux symboles.</description>
    </item>
  </channel>
</rss>
