<?xml version="1.0" encoding="utf-8" standalone="yes"?>
<rss version="2.0" xmlns:atom="http://www.w3.org/2005/Atom">
  <channel>
    <title>Bricolage on ✨sitoctt✨</title>
    <link>/fr/categories/Bricolage/</link>
    <description>Recent content in Bricolage on ✨sitoctt✨</description>
    <generator>Hugo</generator>
    <language>fr</language>
    <lastBuildDate>Fri, 15 Sep 2023 00:00:00 +0000</lastBuildDate>
    <atom:link href="/fr/categories/Bricolage/index.xml" rel="self" type="application/rss+xml" />
    <item>
      <title>📎 Pinces à cheveux, réduites en colle et galets</title>
      <link>/fr/blog/2023-09-15-Pinces-%C3%A0-cheveux-r%C3%A9duites-en-colle-et-galets/</link>
      <pubDate>Fri, 15 Sep 2023 00:00:00 +0000</pubDate>
      <guid>/fr/blog/2023-09-15-Pinces-%C3%A0-cheveux-r%C3%A9duites-en-colle-et-galets/</guid>
      <description>Prudence&#xA;Le contenu de cette page a été entièrement et automatiquement traduit en français, à partir de Italiano. Il peut donc contenir toutes sortes d&amp;rsquo;erreurs.&#xA;Pour une étrange série de raisons, cet article est resté dans mes brouillons pendant plus d&#39;un mois, même s&#39;il était pratiquement terminé. Eh bien, mieux vaut tard que jamais, bonne lecture...&#xA;Donc : d&#39;une manière ou d&#39;une autre, un jour, la fête de ma mère est arrivée mystérieusement, et je me suis donc retrouvé à vouloir (devoir ?</description>
    </item>
    <item>
      <title>🔋 Tout pour ne pas changer deux piles...</title>
      <link>/fr/blog/2023-04-03-Tout-pour-ne-pas-changer-deux-piles.../</link>
      <pubDate>Mon, 03 Apr 2023 00:00:00 +0000</pubDate>
      <guid>/fr/blog/2023-04-03-Tout-pour-ne-pas-changer-deux-piles.../</guid>
      <description>Prudence&#xA;Le contenu de cette page a été entièrement et automatiquement traduit en français, à partir de Italiano. Il peut donc contenir toutes sortes d&amp;rsquo;erreurs.&#xA;Entre 1 et 2 mois - réalisez combien de temps s&#39;est écoulé avant que je s&#39;énerve définitivement - le Les piles de la télécommande du téléviseur que je garde sur mon bureau (je l&#39;utilise comme deuxième moniteur) ont commencé à s&#39;épuiser. s&#39;épuiser au-delà de la limite d&#39;utilisation tolérable.</description>
    </item>
    <item>
      <title>🎄 Distractions de Noël : le sapin Padoru</title>
      <link>/fr/blog/2022-12-17-Distractions-de-No%C3%ABl-le-sapin-Padoru/</link>
      <pubDate>Sat, 17 Dec 2022 00:00:00 +0000</pubDate>
      <guid>/fr/blog/2022-12-17-Distractions-de-No%C3%ABl-le-sapin-Padoru/</guid>
      <description>Prudence&#xA;Le contenu de cette page a été entièrement et automatiquement traduit en français, à partir de Italiano. Il peut donc contenir toutes sortes d&amp;rsquo;erreurs.&#xA;Ahhh, et nous voilà encore en novembre cette année. Je dirais qu&#39;il est temps de commencer la procédure nécessaire de décongeler le Padoru.&#xA;...Non, attends une minute. C&#39;EST DÉJÀ MI-DÉCEMBRE ?!?!?! 😐 😶 🤯&#xA;Les mois passent vite... eh bien.&#xA;Qu&#39;est-ce que &#34;Padoru&#34; Pour beaucoup, une question controversée et une coutume méprisée, celle du Padoru.</description>
    </item>
    <item>
      <title>💻 Comment j&#39;ai réparé mon ordinateur portable (avec 25 €)</title>
      <link>/fr/blog/2022-07-09-Comment-jai-r%C3%A9par%C3%A9-mon-ordinateur-portable-avec-25/</link>
      <pubDate>Sat, 09 Jul 2022 00:00:00 +0000</pubDate>
      <guid>/fr/blog/2022-07-09-Comment-jai-r%C3%A9par%C3%A9-mon-ordinateur-portable-avec-25/</guid>
      <description>Prudence&#xA;Le contenu de cette page a été entièrement et automatiquement traduit en français, à partir de Italiano. Il peut donc contenir toutes sortes d&amp;rsquo;erreurs.&#xA;Depuis presque 7 ans, j&amp;rsquo;ai un ordinateur portable Acer, Aspire V3-572G, sans doute maintenant un peu vieux, sans louange et avec une certaine infamie.&#xA;Lors de son achat, il s’agissait essentiellement d’un ordinateur portable de milieu de gamme comme les autres, sans fonctionnalités notables. Je veux dire, je l&amp;rsquo;ai pas mal utilisé et il a plus ou moins toujours fait ce qu&amp;rsquo;il était censé faire, jusqu&amp;rsquo;à il y a environ 2 ans, j&amp;rsquo;ai commencé à exiger d&amp;rsquo;utiliser des jeux lourds et des outils de développement, à ce moment-là, le nouveau PC (de bureau) était génial.</description>
    </item>
    <item>
      <title>⌨️ L&#39;idée d&#39;un clavier physique pour smartphone fait maison</title>
      <link>/fr/blog/2022-07-03-%EF%B8%8F-Lid%C3%A9e-dun-clavier-physique-pour-smartphone-fait-maison/</link>
      <pubDate>Sun, 03 Jul 2022 00:00:00 +0000</pubDate>
      <guid>/fr/blog/2022-07-03-%EF%B8%8F-Lid%C3%A9e-dun-clavier-physique-pour-smartphone-fait-maison/</guid>
      <description>Prudence&#xA;Le contenu de cette page a été entièrement et automatiquement traduit en français, à partir de Italiano. Il peut donc contenir toutes sortes d&amp;rsquo;erreurs.&#xA;Il y a peut-être un an, en partie par curiosité et en partie parce que j&amp;rsquo;imaginais déjà que cela aurait pu être quelque chose de pratique, j&amp;rsquo;ai développé un intérêt marginal pour les smartphones équipés de claviers physiques complets.&#xA;Je ne parle pas des foutus claviers numériques, que l&amp;rsquo;on voit encore aujourd&amp;rsquo;hui sur les téléphones non intelligents, je veux dire des claviers avec des dizaines de touches individuelles dédiées aux lettres et aux symboles.</description>
    </item>
  </channel>
</rss>
