<?xml version="1.0" encoding="utf-8" standalone="yes"?>
<rss version="2.0" xmlns:atom="http://www.w3.org/2005/Atom">
  <channel>
    <title>Reseñas on ✨sitoctt✨</title>
    <link>/es/categories/Rese%C3%B1as/</link>
    <description>Recent content in Reseñas on ✨sitoctt✨</description>
    <generator>Hugo</generator>
    <language>es</language>
    <lastBuildDate>Sun, 07 Apr 2024 00:00:00 +0000</lastBuildDate>
    <atom:link href="/es/categories/Rese%C3%B1as/index.xml" rel="self" type="application/rss+xml" />
    <item>
      <title>🚀 LIBERTY WINGS: un breve juego de rol sobre la libertad (revisión)</title>
      <link>/es/blog/2024-04-07-LIBERTY-WINGS-un-breve-juego-de-rol-sobre-la-libertad-revisi%C3%B3n/</link>
      <pubDate>Sun, 07 Apr 2024 00:00:00 +0000</pubDate>
      <guid>/es/blog/2024-04-07-LIBERTY-WINGS-un-breve-juego-de-rol-sobre-la-libertad-revisi%C3%B3n/</guid>
      <description>Precaución&#xA;El contenido de esta página ha sido íntegramente traducido por máquina al español, a partir de Italiano. Por lo tanto, puede contener errores de cualquier tipo.&#xA;Precisamente anteayer finalizó un game jam, es decir, una competición (online) de desarrollo de videojuegos, basada en la creación de algo utilizando RPG Maker 95, una versión muy antigua de la serie de motores de juego en cuestión. &amp;hellip; ¿Parece que no fue bien publicitado?</description>
    </item>
  </channel>
</rss>
