<?xml version="1.0" encoding="utf-8" standalone="yes"?>
<rss version="2.0" xmlns:atom="http://www.w3.org/2005/Atom">
  <channel>
    <title>DIY on ✨sitoctt✨</title>
    <link>/en/categories/DIY/</link>
    <description>Recent content in DIY on ✨sitoctt✨</description>
    <generator>Hugo</generator>
    <language>en</language>
    <lastBuildDate>Fri, 15 Sep 2023 00:00:00 +0000</lastBuildDate>
    <atom:link href="/en/categories/DIY/index.xml" rel="self" type="application/rss+xml" />
    <item>
      <title>📎 Hair clips, reduced to glue and pebbles</title>
      <link>/en/blog/2023-09-15-Hair-clips-reduced-to-glue-and-pebbles/</link>
      <pubDate>Fri, 15 Sep 2023 00:00:00 +0000</pubDate>
      <guid>/en/blog/2023-09-15-Hair-clips-reduced-to-glue-and-pebbles/</guid>
      <description>Caution&#xA;The content of this page has been entirely machine-translated into English, from Italiano. Therefore, it might contain any kind of errors.&#xA;For a strange set of reasons, this article sat in my drafts for more than a month, even though it was practically finished. Oh well, better late than never, happy reading...&#xA;So: somehow, one day my mother&#39;s name day mysteriously arrived, and I therefore found myself wanting (having to?</description>
    </item>
    <item>
      <title>🔋 Everything so as not to change two batteries...</title>
      <link>/en/blog/2023-04-03-Everything-so-as-not-to-change-two-batteries.../</link>
      <pubDate>Mon, 03 Apr 2023 00:00:00 +0000</pubDate>
      <guid>/en/blog/2023-04-03-Everything-so-as-not-to-change-two-batteries.../</guid>
      <description>Caution&#xA;The content of this page has been entirely machine-translated into English, from Italiano. Therefore, it might contain any kind of errors.&#xA;Between 1 and 2 months ago - realize how much time passed before I got annoyed definitively - the batteries in the remote control of the television that I keep on my desk (I use it as a second monitor) have started to run out beyond the limitof tolerable usability.</description>
    </item>
    <item>
      <title>🎄 Christmas distractions: the Padoru tree</title>
      <link>/en/blog/2022-12-17-Christmas-distractions-the-Padoru-tree/</link>
      <pubDate>Sat, 17 Dec 2022 00:00:00 +0000</pubDate>
      <guid>/en/blog/2022-12-17-Christmas-distractions-the-Padoru-tree/</guid>
      <description>Caution&#xA;The content of this page has been entirely machine-translated into English, from Italiano. Therefore, it might contain any kind of errors.&#xA;Ahhh, and here we are in November again this year. I would say that it is time to start the necessary procedure of thawing the Padoru.&#xA;...No, wait a minute. IT&#39;S ALREADY MID DECEMBER?!?!?! 😐 😶 🤯&#xA;The months pass quickly... oh well.&#xA;What is &#34;Padoru&#34; For many a controversial issue and a despised custom, that of the Padoru.</description>
    </item>
    <item>
      <title>💻 How I fixed my laptop (with €25)</title>
      <link>/en/blog/2022-07-09-How-I-fixed-my-laptop-with-25/</link>
      <pubDate>Sat, 09 Jul 2022 00:00:00 +0000</pubDate>
      <guid>/en/blog/2022-07-09-How-I-fixed-my-laptop-with-25/</guid>
      <description>Caution&#xA;The content of this page has been entirely machine-translated into English, from Italiano. Therefore, it might contain any kind of errors.&#xA;For almost 7 years I have had an Acer laptop, Aspire V3-572G, undoubtedly now a bit old, without praise and with some infamy.&#xA;When it was purchased, it was essentially a mid-range notebook like any other, without any notable features. I mean, I used it quite a bit and it more or less always did what it was supposed to, until about 2 years ago I started demanding to use heavy games and development tools, at which point the new (desktop) PC was great.</description>
    </item>
    <item>
      <title>⌨️ The idea of ​​a homemade physical smartphone keyboard</title>
      <link>/en/blog/2022-07-03-%EF%B8%8F-The-idea-of-a-homemade-physical-smartphone-keyboard/</link>
      <pubDate>Sun, 03 Jul 2022 00:00:00 +0000</pubDate>
      <guid>/en/blog/2022-07-03-%EF%B8%8F-The-idea-of-a-homemade-physical-smartphone-keyboard/</guid>
      <description>Caution&#xA;The content of this page has been entirely machine-translated into English, from Italiano. Therefore, it might contain any kind of errors.&#xA;Maybe a year ago, partly out of curiosity and partly because I already imagined that it might have been something convenient, I developed a marginal interest in smartphones equipped with complete physical keyboards.&#xA;I don&amp;rsquo;t mean the damn numeric keypads, which you still see on non-smart phones today, I mean keyboards with dozens of individual keys dedicated for letters and symbols.</description>
    </item>
  </channel>
</rss>
