<?xml version="1.0" encoding="utf-8" standalone="yes"?>
<rss version="2.0" xmlns:atom="http://www.w3.org/2005/Atom">
  <channel>
    <title>Gaming on ✨sitoctt✨</title>
    <link>/en/categories/Gaming/</link>
    <description>Recent content in Gaming on ✨sitoctt✨</description>
    <generator>Hugo</generator>
    <language>en</language>
    <lastBuildDate>Wed, 18 Oct 2023 00:00:00 +0000</lastBuildDate>
    <atom:link href="/en/categories/Gaming/index.xml" rel="self" type="application/rss+xml" />
    <item>
      <title>2️⃣ Gaming synchronized between PlayStation 2 and smartphone</title>
      <link>/en/note/2023-10-18-2%EF%B8%8F%E2%83%A3-Gaming-synchronized-between-PlayStation-2-and-smartphone/</link>
      <pubDate>Wed, 18 Oct 2023 00:00:00 +0000</pubDate>
      <guid>/en/note/2023-10-18-2%EF%B8%8F%E2%83%A3-Gaming-synchronized-between-PlayStation-2-and-smartphone/</guid>
      <description>Caution&#xA;The content of this page has been entirely machine-translated into English, from Italiano. Therefore, it might contain any kind of errors.&#xA;2️⃣ Synchronized gaming between PlayStation 2 and smartphone Those who have been following my adventures for long enough and with due attention perhaps know this, but the biggest problem in computer science is: how to properly reconcile the discrepancies that are created when we face the problem of playing video games both at home than in portability?</description>
    </item>
    <item>
      <title>⛏️ Minecraft</title>
      <link>/en/miscellanea/raccolta-videogiochi/%EF%B8%8F-Minecraft/</link>
      <pubDate>Sat, 01 Apr 2023 00:00:00 +0000</pubDate>
      <guid>/en/miscellanea/raccolta-videogiochi/%EF%B8%8F-Minecraft/</guid>
      <description>Caution&#xA;The content of this page has been entirely machine-translated into English, from Italiano. Therefore, it might contain any kind of errors.&#xA;I believe Minecraft can be defined as the modern game (for better or worse) that develops potentially infinite complexity from simple premises. In a good way, obviously: complexity impresses and rewards those who seek it, but the title remains playable for anyone.&#xA;At first it&amp;rsquo;s making &amp;ldquo;houses&amp;rdquo; that are 4x4 holes under the ground, but later it becomes creating titanic installations, purely aesthetic or even totally functional - let&amp;rsquo;s not forget that Minecraft, with its redstone, is Turing-complete.</description>
    </item>
    <item>
      <title>🏃‍♀️ Mirror&#39;s Edge</title>
      <link>/en/miscellanea/raccolta-videogiochi/%EF%B8%8F-Mirrors-Edge/</link>
      <pubDate>Sat, 01 Apr 2023 00:00:00 +0000</pubDate>
      <guid>/en/miscellanea/raccolta-videogiochi/%EF%B8%8F-Mirrors-Edge/</guid>
      <description>Caution&#xA;The content of this page has been entirely machine-translated into English, from Italiano. Therefore, it might contain any kind of errors.&#xA;From YouTube/2N1TJP1cxmo.&#xA;The best way to describe Mirror&amp;rsquo;s Edge is to say that it&amp;rsquo;s a game in constant motion. Literally standing on the edge of the mirror, the edges of the enormous glass of which the buildings of La Città are made, one runs and jumps without any brakes.</description>
    </item>
    <item>
      <title>💣 Minesweeper</title>
      <link>/en/miscellanea/raccolta-videogiochi/Minesweeper/</link>
      <pubDate>Tue, 28 Mar 2023 00:00:00 +0000</pubDate>
      <guid>/en/miscellanea/raccolta-videogiochi/Minesweeper/</guid>
      <description>Caution&#xA;The content of this page has been entirely machine-translated into English, from Italiano. Therefore, it might contain any kind of errors.&#xA;In Minesweeper (in Italian officially &amp;ldquo;Minefield&amp;rdquo;) you have a game grid in which bombs have been randomly placed (by an algorithm). To win, you need to locate them all without exploding any of them.&#xA;The rules are simple, but the game easily reaches high levels of complexity and has an I-don&amp;rsquo;t-know-what that you can&amp;rsquo;t do without.</description>
    </item>
    <item>
      <title>🔢️ 2048</title>
      <link>/en/miscellanea/raccolta-videogiochi/%EF%B8%8F-2048/</link>
      <pubDate>Sun, 26 Mar 2023 00:00:00 +0000</pubDate>
      <guid>/en/miscellanea/raccolta-videogiochi/%EF%B8%8F-2048/</guid>
      <description>Caution&#xA;The content of this page has been entirely machine-translated into English, from Italiano. Therefore, it might contain any kind of errors.&#xA;2048 is a simple puzzle game in which you have a grid of randomly generated numbered tiles that you can slide entirely in one of four directions. All numbers are powers of 2, and equal numbers that collide add to become their double.&#xA;If you reach 2048 by adding up the tiles, you win a game, which however can go on even further.</description>
    </item>
    <item>
      <title>#️⃣️ Nonogram</title>
      <link>/en/miscellanea/raccolta-videogiochi/%23%EF%B8%8F%E2%83%A3%EF%B8%8F-Nonogram/</link>
      <pubDate>Wed, 22 Mar 2023 00:00:00 +0000</pubDate>
      <guid>/en/miscellanea/raccolta-videogiochi/%23%EF%B8%8F%E2%83%A3%EF%B8%8F-Nonogram/</guid>
      <description>Caution&#xA;The content of this page has been entirely machine-translated into English, from Italiano. Therefore, it might contain any kind of errors.&#xA;Nonogram (also known as Picross, Crucipixel, and about twenty other names) are puzzles that consist of filling a grid of squares in order to reveal an image, using the numbers at the sides of the sheet to find intersections between rows and columns.&#xA;WIP&amp;hellip; If you want to discover other things or learn how to play, read on Wikipedia.</description>
    </item>
    <item>
      <title>Video Game Collection</title>
      <link>/en/miscellanea/Raccolta-Videogiochi/</link>
      <pubDate>Wed, 01 Feb 2023 00:00:00 +0000</pubDate>
      <guid>/en/miscellanea/Raccolta-Videogiochi/</guid>
      <description>Caution&#xA;The content of this page has been entirely machine-translated into English, from Italiano. Therefore, it might contain any kind of errors.&#xA;Why not make a collection to talk, briefly, about the video games I appreciate? Perhaps, managing to shine the spotlight on some half-unknown gaming experience which however should deserve much more.&#xA;It cannot be excluded that in the future, finding inspiration, I could take up and write long and in-depth articles on some of the games that I praise here, unfortunately, in a too &amp;ldquo;touch and run&amp;rdquo; way.</description>
    </item>
  </channel>
</rss>
