<?xml version="1.0" encoding="utf-8" standalone="yes"?>
<rss version="2.0" xmlns:atom="http://www.w3.org/2005/Atom">
  <channel>
    <title>DIY on ✨sitoctt✨</title>
    <link>/es/categories/DIY/</link>
    <description>Recent content in DIY on ✨sitoctt✨</description>
    <generator>Hugo</generator>
    <language>es</language>
    <lastBuildDate>Fri, 15 Sep 2023 00:00:00 +0000</lastBuildDate>
    <atom:link href="/es/categories/DIY/index.xml" rel="self" type="application/rss+xml" />
    <item>
      <title>📎 Pinzas para el cabello, reducidas a pegamento y guijarros</title>
      <link>/es/blog/2023-09-15-Pinzas-para-el-cabello-reducidas-a-pegamento-y-guijarros/</link>
      <pubDate>Fri, 15 Sep 2023 00:00:00 +0000</pubDate>
      <guid>/es/blog/2023-09-15-Pinzas-para-el-cabello-reducidas-a-pegamento-y-guijarros/</guid>
      <description>Precaución&#xA;El contenido de esta página ha sido íntegramente traducido por máquina al español, a partir de Italiano. Por lo tanto, puede contener errores de cualquier tipo.&#xA;Por una extraña serie de razones, este artículo permaneció en mis borradores durante más de un mes, a pesar de que estaba prácticamente terminado. Bueno, más vale tarde que nunca, feliz lectura&amp;hellip;&#xA;Entonces: de alguna manera, un día llegó misteriosamente el onomástico de mi madre y, por lo tanto, me encontré queriendo (¿teniendo que?</description>
    </item>
    <item>
      <title>🔋 Todo para no cambiar dos pilas...</title>
      <link>/es/blog/2023-04-03-Todo-para-no-cambiar-dos-pilas.../</link>
      <pubDate>Mon, 03 Apr 2023 00:00:00 +0000</pubDate>
      <guid>/es/blog/2023-04-03-Todo-para-no-cambiar-dos-pilas.../</guid>
      <description>Precaución&#xA;El contenido de esta página ha sido íntegramente traducido por máquina al español, a partir de Italiano. Por lo tanto, puede contener errores de cualquier tipo.&#xA;Hace entre 1 y 2 meses - date cuenta cuánto tiempo pasó antes** Definitivamente me molesté - las pilas en el control remoto del *televisor * que Sigo en mi escritorio (lo uso como segundo monitor) y comencé a quedarme sin carga más allá del límite de usabilidad soportable.</description>
    </item>
  </channel>
</rss>
