<?xml version="1.0" encoding="utf-8" standalone="yes"?>
<rss version="2.0" xmlns:atom="http://www.w3.org/2005/Atom">
  <channel>
    <title>Raccolta Videogiochi on ✨sitoctt✨</title>
    <link>/it/miscellanea/Raccolta-Videogiochi/</link>
    <description>Recent content in Raccolta Videogiochi on ✨sitoctt✨</description>
    <generator>Hugo</generator>
    <language>it</language>
    <lastBuildDate>Sat, 01 Apr 2023 00:00:00 +0000</lastBuildDate>
    <atom:link href="/it/miscellanea/Raccolta-Videogiochi/index.xml" rel="self" type="application/rss+xml" />
    <item>
      <title>⛏️ Minecraft</title>
      <link>/it/miscellanea/raccolta-videogiochi/%EF%B8%8F-Minecraft/</link>
      <pubDate>Sat, 01 Apr 2023 00:00:00 +0000</pubDate>
      <guid>/it/miscellanea/raccolta-videogiochi/%EF%B8%8F-Minecraft/</guid>
      <description>Credo si possa definire Minecraft come il gioco moderno (bene o male) che da semplici premesse sviluppa complessità potenzialmente infinita. In senso buono, ovviamente: la complessità va a colpire e a premiare chi la cerca, ma il titolo resta giocabile per chiunque.&#xA;All&amp;rsquo;inizio è fare &amp;ldquo;case&amp;rdquo; che sono buchi 4x4 sotto terra, ma dopo diventa creare installazioni titaniche, puramente estetiche o anche totalmente funzionali - non dimentichiamo che Minecraft, con la sua pietrarossa, è Turing-complete.</description>
    </item>
    <item>
      <title>🏃‍♀️ Mirror&#39;s Edge</title>
      <link>/it/miscellanea/raccolta-videogiochi/%EF%B8%8F-Mirrors-Edge/</link>
      <pubDate>Sat, 01 Apr 2023 00:00:00 +0000</pubDate>
      <guid>/it/miscellanea/raccolta-videogiochi/%EF%B8%8F-Mirrors-Edge/</guid>
      <description>Da YouTube/2N1TJP1cxmo.&#xA;Il modo migliore per definire Mirror&amp;rsquo;s Edge è dire che è un gioco in costante movimento. Stando letteralmente sul bordo dello specchio, i bordi degli enormi vetri di cui sono formati i palazzoni de La Città, si corre e si salta senza alcun freno.&#xA;L&amp;rsquo;elemento parkour del gioco è estremamente immersivo; per quanto io noe abbia giocato per abbastanza tempo il primo gioco della serie, ma soltanto il secondo, Mirror&amp;rsquo;s Edge: Catalyst, di quest&amp;rsquo;ultimo posso raccontare di un&amp;rsquo;esperienza magica.</description>
    </item>
    <item>
      <title>💣 Minesweeper</title>
      <link>/it/miscellanea/raccolta-videogiochi/Minesweeper/</link>
      <pubDate>Tue, 28 Mar 2023 00:00:00 +0000</pubDate>
      <guid>/it/miscellanea/raccolta-videogiochi/Minesweeper/</guid>
      <description>In Minesweeper (in italiano ufficialmente &amp;ldquo;Campo minato&amp;rdquo;) si ha una griglia di gioco in cui sono state posizionate casualmente (da un algoritmo) delle bombe. Per vincere, bisogna individuarle tutte senza farne esplodere nessuna.&#xA;Le regole sono semplici, ma il gioco raggiunge facilmente alti livelli di complessità ed ha un non-so-che di cui non si riesce a fare a meno.&#xA;Se hai vinto una partita, vuoi tornare nel gioco subito, nella (a lungo andare giusta) speranza di poter fare anche di meglio, di riuscire a completare la tavola in appena quel secondo di tempo in meno.</description>
    </item>
    <item>
      <title>🔢️ 2048</title>
      <link>/it/miscellanea/raccolta-videogiochi/%EF%B8%8F-2048/</link>
      <pubDate>Sun, 26 Mar 2023 00:00:00 +0000</pubDate>
      <guid>/it/miscellanea/raccolta-videogiochi/%EF%B8%8F-2048/</guid>
      <description>2048 è un semplice giochino puzzle in cui si ha una griglia di piastrelle numerate, generate casualmente, che si può far scorrere interamente in una delle quattro direzioni. Tutti i numeri sono potenze di 2, e numeri uguali che si scontrano vanno a sommarsi per diventare il loro doppio.&#xA;Se si arriva, a furia di far sommare le piastrelle, a 2048, si vince una partita, che però può andare avanti anche oltre.</description>
    </item>
    <item>
      <title>#️⃣️ Nonogram</title>
      <link>/it/miscellanea/raccolta-videogiochi/%23%EF%B8%8F%E2%83%A3%EF%B8%8F-Nonogram/</link>
      <pubDate>Wed, 22 Mar 2023 00:00:00 +0000</pubDate>
      <guid>/it/miscellanea/raccolta-videogiochi/%23%EF%B8%8F%E2%83%A3%EF%B8%8F-Nonogram/</guid>
      <description> I Nonogram (conosciuti anche come Picross, Crucipixel, e un&amp;rsquo;altra ventina di nomi) sono dei puzzle che consistono nel riempire una griglia di quadratini al fine di svelare un&amp;rsquo;immagine, utilizzando i numeri ai lati del foglio per trovare intersezioni tra righe e colonne.&#xA;WIP&amp;hellip; Se vuoi scoprire altre cosine o imparare a giocare, leggi su Wikipedia.&#xA;🏷️ Note e Riferimenti </description>
    </item>
  </channel>
</rss>
