<?xml version="1.0" encoding="utf-8" standalone="yes"?>
<rss version="2.0" xmlns:atom="http://www.w3.org/2005/Atom">
  <channel>
    <title>Blog on ✨sitoctt✨</title>
    <link>/fr/blog/</link>
    <description>Recent content in Blog on ✨sitoctt✨</description>
    <generator>Hugo</generator>
    <language>fr</language>
    <lastBuildDate>Sat, 22 Jun 2024 00:00:00 +0000</lastBuildDate>
    <atom:link href="/fr/blog/index.xml" rel="self" type="application/rss+xml" />
    <item>
      <title>📓️ Sur le passage des agendas aux blogs aux réseaux sociaux, une réflexion</title>
      <link>/fr/blog/2024-06-22-%EF%B8%8F-Sur-le-passage-des-agendas-aux-blogs-aux-r%C3%A9seaux-sociaux-une-r%C3%A9flexion/</link>
      <pubDate>Sat, 22 Jun 2024 00:00:00 +0000</pubDate>
      <guid>/fr/blog/2024-06-22-%EF%B8%8F-Sur-le-passage-des-agendas-aux-blogs-aux-r%C3%A9seaux-sociaux-une-r%C3%A9flexion/</guid>
      <description>Prudence&#xA;Le contenu de cette page a été entièrement et automatiquement traduit en français, à partir de Italiano. Il peut donc contenir toutes sortes d&amp;rsquo;erreurs.&#xA;Cette année, mes adeptes les plus assidus le savent, j&#39;ai le privilège de ne pas avoir à passer l&#39;examen final : j&#39;en ai déjà donné assez l&#39;année dernière, alors que maintenant je me retrouve dans le vortex bien pire de l&#39;université. Mais, pour ceux qui n&#39;accordent pas l&#39;attention nécessaire à mes profils en ligne : ce n&#39;est pas grave, vous l&#39;avez découvert maintenant.</description>
    </item>
    <item>
      <title>🎇 Le bilan de ce 2023, du moins en termes de publication !</title>
      <link>/fr/blog/2023-12-31-Le-bilan-de-ce-2023-du-moins-en-termes-de-publication/</link>
      <pubDate>Sun, 31 Dec 2023 00:00:00 +0000</pubDate>
      <guid>/fr/blog/2023-12-31-Le-bilan-de-ce-2023-du-moins-en-termes-de-publication/</guid>
      <description>Prudence&#xA;Le contenu de cette page a été entièrement et automatiquement traduit en français, à partir de Italiano. Il peut donc contenir toutes sortes d&amp;rsquo;erreurs.&#xA;Pour la fin de l&#39;année, beaucoup font une liste de bonnes résolutions pour les nouveautés, tandis que cette fois je compile une collection de certains de mes défauts... bienvenue dans mon monde.&#xA;J&#39;ai bien peur de devoir aussi me dépêcher un peu avec ce post, car s&#39;il sortait le 31, personne ne s&#39;en soucierait probablement.</description>
    </item>
    <item>
      <title>📎 Pinces à cheveux, réduites en colle et galets</title>
      <link>/fr/blog/2023-09-15-Pinces-%C3%A0-cheveux-r%C3%A9duites-en-colle-et-galets/</link>
      <pubDate>Fri, 15 Sep 2023 00:00:00 +0000</pubDate>
      <guid>/fr/blog/2023-09-15-Pinces-%C3%A0-cheveux-r%C3%A9duites-en-colle-et-galets/</guid>
      <description>Prudence&#xA;Le contenu de cette page a été entièrement et automatiquement traduit en français, à partir de Italiano. Il peut donc contenir toutes sortes d&amp;rsquo;erreurs.&#xA;Pour une étrange série de raisons, cet article est resté dans mes brouillons pendant plus d&#39;un mois, même s&#39;il était pratiquement terminé. Eh bien, mieux vaut tard que jamais, bonne lecture...&#xA;Donc : d&#39;une manière ou d&#39;une autre, un jour, la fête de ma mère est arrivée mystérieusement, et je me suis donc retrouvé à vouloir (devoir ?</description>
    </item>
    <item>
      <title>🏖️ Revue : Pipì nel Mare (mer Tyrrhénienne)</title>
      <link>/fr/blog/2023-08-11-%EF%B8%8F-Revue-Pip%C3%AC-nel-Mare-mer-Tyrrh%C3%A9nienne/</link>
      <pubDate>Fri, 11 Aug 2023 00:00:00 +0000</pubDate>
      <guid>/fr/blog/2023-08-11-%EF%B8%8F-Revue-Pip%C3%AC-nel-Mare-mer-Tyrrh%C3%A9nienne/</guid>
      <description>Prudence&#xA;Le contenu de cette page a été entièrement et automatiquement traduit en français, à partir de Italiano. Il peut donc contenir toutes sortes d&amp;rsquo;erreurs.&#xA;Avec l&#39;été maintenant à son apogée, avec un autre mois d&#39;août extrêmement chaud, il est pratiquement obligatoire que toutes les traditions de la saison soient honorées, cette année aussi.&#xA;Où partez-vous en vacances cette fois-ci aussi ? Mais au bord de la mer, bien sûr.</description>
    </item>
    <item>
      <title>☣️ La laideur insoluble du dock Nintendo Switch (Partie I)</title>
      <link>/fr/blog/2023-06-30-%EF%B8%8F-La-laideur-insoluble-du-dock-Nintendo-Switch-Partie-I/</link>
      <pubDate>Fri, 30 Jun 2023 00:00:00 +0000</pubDate>
      <guid>/fr/blog/2023-06-30-%EF%B8%8F-La-laideur-insoluble-du-dock-Nintendo-Switch-Partie-I/</guid>
      <description>Prudence&#xA;Le contenu de cette page a été entièrement et automatiquement traduit en français, à partir de Italiano. Il peut donc contenir toutes sortes d&amp;rsquo;erreurs.&#xA;Remarque : Cet article aurait dû d&#39;abord expliquer les problèmes de la station d&#39;accueil Switch, puis a continué et s&#39;est terminé par &gt;le développement total de mon solution alternative. La première partie était cependant assez longue et j&#39;ai peur qu&#39;elle éclipse la partie vraiment importante, celle de ma solution dangereusement originale.</description>
    </item>
    <item>
      <title>😭 Plus qu&#39;un examen, je suis parti à la guerre.</title>
      <link>/fr/blog/2023-05-02-Plus-quun-examen-je-suis-parti-%C3%A0-la-guerre./</link>
      <pubDate>Tue, 02 May 2023 00:00:00 +0000</pubDate>
      <guid>/fr/blog/2023-05-02-Plus-quun-examen-je-suis-parti-%C3%A0-la-guerre./</guid>
      <description>Prudence&#xA;Le contenu de cette page a été entièrement et automatiquement traduit en français, à partir de Italiano. Il peut donc contenir toutes sortes d&amp;rsquo;erreurs.&#xA;Comme le titre le suggère, telle était la pensée poétique dispensée par ma mère aujourd&#39;hui, après mon retour à la maison dans l&#39;après-midi avec une psyché &gt; complètement oblitéré, méconnaissable.&#xA;Jusqu&#39;à 30 minutes avant, bonne maremme, j&#39;avais juste envie d&#39;exploser. Attention cependant : pas pour l&#39;examen en lui-même (le dernier d&#39;une série d&#39;examens extrascolaires, justement), très simple pour moi, dont je m&#39;en fiche à part la certification !</description>
    </item>
    <item>
      <title>🏴‍☠️ Quel impact aura la nouvelle loi italienne anti-piratage ?</title>
      <link>/fr/blog/2023-04-16-%EF%B8%8F-Quel-impact-aura-la-nouvelle-loi-italienne-anti-piratage/</link>
      <pubDate>Sun, 16 Apr 2023 00:00:00 +0000</pubDate>
      <guid>/fr/blog/2023-04-16-%EF%B8%8F-Quel-impact-aura-la-nouvelle-loi-italienne-anti-piratage/</guid>
      <description>Prudence&#xA;Le contenu de cette page a été entièrement et automatiquement traduit en français, à partir de Italiano. Il peut donc contenir toutes sortes d&amp;rsquo;erreurs.&#xA;Certains le savent, en Italie la nouvelle loi anti-piratage a été approuvée, et maintenant les doutes avec lesquels nous, amateurs de partage la gratuité à laquelle nous devons faire face est différente :&#xA;Quand entrera-t-il en vigueur ? (J&#39;espère pas exactement au moment où j&#39;écris ce post 😰) Combien d&#39;argent les lobbies du divertissement auront-ils dépensé pour garantir que la loi soit adoptée à l&#39;unanimité totale ?</description>
    </item>
    <item>
      <title>🔋 Tout pour ne pas changer deux piles...</title>
      <link>/fr/blog/2023-04-03-Tout-pour-ne-pas-changer-deux-piles.../</link>
      <pubDate>Mon, 03 Apr 2023 00:00:00 +0000</pubDate>
      <guid>/fr/blog/2023-04-03-Tout-pour-ne-pas-changer-deux-piles.../</guid>
      <description>Prudence&#xA;Le contenu de cette page a été entièrement et automatiquement traduit en français, à partir de Italiano. Il peut donc contenir toutes sortes d&amp;rsquo;erreurs.&#xA;Entre 1 et 2 mois - réalisez combien de temps s&#39;est écoulé avant que je s&#39;énerve définitivement - le Les piles de la télécommande du téléviseur que je garde sur mon bureau (je l&#39;utilise comme deuxième moniteur) ont commencé à s&#39;épuiser. s&#39;épuiser au-delà de la limite d&#39;utilisation tolérable.</description>
    </item>
    <item>
      <title>🤯 Quand les problèmes matériels deviennent mentaux (putain de Raspino)</title>
      <link>/fr/blog/2023-01-28-Quand-les-probl%C3%A8mes-mat%C3%A9riels-deviennent-mentaux-putain-de-Raspino/</link>
      <pubDate>Sat, 28 Jan 2023 00:00:00 +0000</pubDate>
      <guid>/fr/blog/2023-01-28-Quand-les-probl%C3%A8mes-mat%C3%A9riels-deviennent-mentaux-putain-de-Raspino/</guid>
      <description>Prudence&#xA;Le contenu de cette page a été entièrement et automatiquement traduit en français, à partir de Italiano. Il peut donc contenir toutes sortes d&amp;rsquo;erreurs.&#xA;Jusqu&#39;à il y a 2 mois, mon royaume de Rasperino était à sa splendeur maximale : l&#39;instance Misskey, mise en place à peine 2 semaines plus tôt, &lt; strong&gt;elle allait génial, et maintenant (presque) tout semblait destiné à bien continuer...&#xA;Et au lieu de cela, des problèmes sont survenus.</description>
    </item>
    <item>
      <title>🐕u200d🦺 Epicyon, plateforme Fediverse d&#39;une durée de 2 jours</title>
      <link>/fr/blog/2022-12-26-u200d-Epicyon-plateforme-Fediverse-dune-dur%C3%A9e-de-2-jours/</link>
      <pubDate>Mon, 26 Dec 2022 00:00:00 +0000</pubDate>
      <guid>/fr/blog/2022-12-26-u200d-Epicyon-plateforme-Fediverse-dune-dur%C3%A9e-de-2-jours/</guid>
      <description>Prudence&#xA;Le contenu de cette page a été entièrement et automatiquement traduit en français, à partir de Italiano. Il peut donc contenir toutes sortes d&amp;rsquo;erreurs.&#xA;Maintenant, nous le savons, plus le temps passe, plus je finis par explorer des détails toujours plus infimes du Fediverse.&#xA;Aujourd&#39;hui je vais vous parler un peu d&#39;une plateforme de ce monde assez inconnue, et qui avait de bons locaux, mais qui s&#39;est avérée être un trou dans l&#39;eau : Épicyon strong&gt;.</description>
    </item>
    <item>
      <title>🎄 Distractions de Noël : le sapin Padoru</title>
      <link>/fr/blog/2022-12-17-Distractions-de-No%C3%ABl-le-sapin-Padoru/</link>
      <pubDate>Sat, 17 Dec 2022 00:00:00 +0000</pubDate>
      <guid>/fr/blog/2022-12-17-Distractions-de-No%C3%ABl-le-sapin-Padoru/</guid>
      <description>Prudence&#xA;Le contenu de cette page a été entièrement et automatiquement traduit en français, à partir de Italiano. Il peut donc contenir toutes sortes d&amp;rsquo;erreurs.&#xA;Ahhh, et nous voilà encore en novembre cette année. Je dirais qu&#39;il est temps de commencer la procédure nécessaire de décongeler le Padoru.&#xA;...Non, attends une minute. C&#39;EST DÉJÀ MI-DÉCEMBRE ?!?!?! 😐 😶 🤯&#xA;Les mois passent vite... eh bien.&#xA;Qu&#39;est-ce que &#34;Padoru&#34; Pour beaucoup, une question controversée et une coutume méprisée, celle du Padoru.</description>
    </item>
    <item>
      <title>⚡️ Blog rapide avec notes standard</title>
      <link>/fr/blog/2022-12-13-%EF%B8%8F-Blog-rapide-avec-notes-standard/</link>
      <pubDate>Tue, 13 Dec 2022 00:00:00 +0000</pubDate>
      <guid>/fr/blog/2022-12-13-%EF%B8%8F-Blog-rapide-avec-notes-standard/</guid>
      <description>Prudence&#xA;Le contenu de cette page a été entièrement et automatiquement traduit en français, à partir de Italiano. Il peut donc contenir toutes sortes d&amp;rsquo;erreurs.&#xA;Je dirais que j&#39;utilise Notes standard depuis longtemps en tant qu&#39;application &lt; strong&gt;notes personnelles.&#xA;Il y a des années, je l&#39;ai choisi parce qu&#39;il était gratuit et open-source, mais en même temps très propre, bien entretenu et fonctionnel. C&#39;était la solution idéale à une époque où je recherchais quelque chose prenant en charge le cryptage des données qui fonctionne, sans affecter la convivialité.</description>
    </item>
    <item>
      <title>Mises à jour DSpacc - Clé maudite</title>
      <link>/fr/blog/2022-10-16-Mises-%C3%A0-jour-DSpacc-Cl%C3%A9-maudite/</link>
      <pubDate>Sun, 16 Oct 2022 00:00:00 +0000</pubDate>
      <guid>/fr/blog/2022-10-16-Mises-%C3%A0-jour-DSpacc-Cl%C3%A9-maudite/</guid>
      <description>Prudence&#xA;Le contenu de cette page a été entièrement et automatiquement traduit en français, à partir de Italiano. Il peut donc contenir toutes sortes d&amp;rsquo;erreurs.&#xA;Il y a un mois, dans le [post du 18 octobre](./2022-09-18- Quando-Metto-Mano-Io-Spacc.html), je disais brièvement que c&amp;rsquo;était le DSpacc, et quel nouveau bordel j&amp;rsquo;avais provoqué.&#xA;Eh bien, cette fois, j&amp;rsquo;ai fait encore pire ; pour comprendre les proportions, il est bon de revoir un instant ce que j&amp;rsquo;avais écrit.</description>
    </item>
    <item>
      <title>Nouvelles frontières</title>
      <link>/fr/blog/2022-09-23-Nouvelles-fronti%C3%A8res/</link>
      <pubDate>Fri, 23 Sep 2022 00:00:00 +0000</pubDate>
      <guid>/fr/blog/2022-09-23-Nouvelles-fronti%C3%A8res/</guid>
      <description>Prudence&#xA;Le contenu de cette page a été entièrement et automatiquement traduit en français, à partir de Italiano. Il peut donc contenir toutes sortes d&amp;rsquo;erreurs.&#xA;Depuis que je l&amp;rsquo;ai découvert il y a quelques jours. J&amp;rsquo;essaie ce logiciel épique qu&amp;rsquo;est TiddlyWiki.&#xA;Je l&amp;rsquo;ai d&amp;rsquo;abord trouvé en cherchant quelque chose pour organiser des notes dans un format riche, que je pourrais utiliser pour l&amp;rsquo;école, et qui était évidemment gratuit.&#xA;Il s&amp;rsquo;agit d&amp;rsquo;un logiciel wiki, pratiquement dans la même catégorie que MediaWiki (le logiciel sur lequel est basé Wikipédia), mais il présente des caractéristiques bien particulières.</description>
    </item>
    <item>
      <title>Quand je mets la main dessus, je rock</title>
      <link>/fr/blog/2022-09-18-Quand-je-mets-la-main-dessus-je-rock/</link>
      <pubDate>Sun, 18 Sep 2022 00:00:00 +0000</pubDate>
      <guid>/fr/blog/2022-09-18-Quand-je-mets-la-main-dessus-je-rock/</guid>
      <description>Prudence&#xA;Le contenu de cette page a été entièrement et automatiquement traduit en français, à partir de Italiano. Il peut donc contenir toutes sortes d&amp;rsquo;erreurs.&#xA;L&amp;rsquo;autre jour, disons, cela m&amp;rsquo;a rappelé le fait que j&amp;rsquo;ai une Nintendo DSpacc dans mon tiroir.&#xA;Je n&amp;rsquo;ai pas honte d&amp;rsquo;admettre qu&amp;rsquo;il est désaffecté, car la seule chose avec laquelle je peux jouer est Pokémon Rubis.&#xA;Mais pas parce qu’il ne reste qu’un seul écran !</description>
    </item>
    <item>
      <title>Que se passe-t-il</title>
      <link>/fr/blog/2022-09-11-Que-se-passe-t-il/</link>
      <pubDate>Sun, 11 Sep 2022 00:00:00 +0000</pubDate>
      <guid>/fr/blog/2022-09-11-Que-se-passe-t-il/</guid>
      <description>Prudence&#xA;Le contenu de cette page a été entièrement et automatiquement traduit en français, à partir de Italiano. Il peut donc contenir toutes sortes d&amp;rsquo;erreurs.&#xA;Ces 7 derniers jours, très peu de choses ont été dites ou faites ici sur le site de ctt.&#xA;J&amp;rsquo;ai créé cette section pour l&amp;rsquo;utiliser comme journal général, mais je suis en train d&amp;rsquo;écrire quelque chose en ce moment.&#xA;Tout d’abord, l’école a repris avant-hier pour moi.</description>
    </item>
    <item>
      <title>📈 sitoctt - D&#39;il y a 3 mois à aujourd&#39;hui, le début et les raisons</title>
      <link>/fr/blog/2022-08-26-sitoctt-Dil-y-a-3-mois-%C3%A0-aujourdhui-le-d%C3%A9but-et-les-raisons/</link>
      <pubDate>Fri, 26 Aug 2022 00:00:00 +0000</pubDate>
      <guid>/fr/blog/2022-08-26-sitoctt-Dil-y-a-3-mois-%C3%A0-aujourdhui-le-d%C3%A9but-et-les-raisons/</guid>
      <description>Prudence&#xA;Le contenu de cette page a été entièrement et automatiquement traduit en français, à partir de Italiano. Il peut donc contenir toutes sortes d&amp;rsquo;erreurs.&#xA;Cet article peut probablement être considéré comme le premier d&amp;rsquo;une série sur la philosophie du site, si l&amp;rsquo;on veut.&#xA;Pour commencer, quoi de mieux pour parler, sinon de tout ce qui a conduit à la naissance du site et a commencé à le caractériser ?</description>
    </item>
    <item>
      <title>👾 Émulation NDS, Google Play et un sombre historique</title>
      <link>/fr/blog/2022-07-27-%C3%89mulation-NDS-Google-Play-et-un-sombre-historique/</link>
      <pubDate>Wed, 27 Jul 2022 00:00:00 +0000</pubDate>
      <guid>/fr/blog/2022-07-27-%C3%89mulation-NDS-Google-Play-et-un-sombre-historique/</guid>
      <description>Prudence&#xA;Le contenu de cette page a été entièrement et automatiquement traduit en français, à partir de Italiano. Il peut donc contenir toutes sortes d&amp;rsquo;erreurs.&#xA;La Nintendo DS. Assez, il n&amp;rsquo;est pas nécessaire de dire autre chose ; après tout, entre connaisseurs, on se comprend. Une console qui, il y a 15 ans, a su innover sur le marché avec le même esprit avec lequel la Gameboy innovait à son époque.</description>
    </item>
    <item>
      <title>🥸️ Comment notre empreinte numérique sociale nous fout en l&#39;air</title>
      <link>/fr/blog/2022-07-17-%EF%B8%8F-Comment-notre-empreinte-num%C3%A9rique-sociale-nous-fout-en-lair/</link>
      <pubDate>Sun, 17 Jul 2022 00:00:00 +0000</pubDate>
      <guid>/fr/blog/2022-07-17-%EF%B8%8F-Comment-notre-empreinte-num%C3%A9rique-sociale-nous-fout-en-lair/</guid>
      <description>Prudence&#xA;Le contenu de cette page a été entièrement et automatiquement traduit en français, à partir de Italiano. Il peut donc contenir toutes sortes d&amp;rsquo;erreurs.&#xA;Cette histoire, plus pratique que jamais, est incroyable à mon avis.&#xA;Non seulement cela démontre ce que Lolis peut faire avec trop de temps libre, comme moi ; montre comment chacun d&amp;rsquo;entre nous possède une sorte d&amp;rsquo;« empreinte sociale » qui, si elle n&amp;rsquo;est pas suffisamment masquée, peut nous identifier.</description>
    </item>
    <item>
      <title>💻 Comment j&#39;ai réparé mon ordinateur portable (avec 25 €)</title>
      <link>/fr/blog/2022-07-09-Comment-jai-r%C3%A9par%C3%A9-mon-ordinateur-portable-avec-25/</link>
      <pubDate>Sat, 09 Jul 2022 00:00:00 +0000</pubDate>
      <guid>/fr/blog/2022-07-09-Comment-jai-r%C3%A9par%C3%A9-mon-ordinateur-portable-avec-25/</guid>
      <description>Prudence&#xA;Le contenu de cette page a été entièrement et automatiquement traduit en français, à partir de Italiano. Il peut donc contenir toutes sortes d&amp;rsquo;erreurs.&#xA;Depuis presque 7 ans, j&amp;rsquo;ai un ordinateur portable Acer, Aspire V3-572G, sans doute maintenant un peu vieux, sans louange et avec une certaine infamie.&#xA;Lors de son achat, il s’agissait essentiellement d’un ordinateur portable de milieu de gamme comme les autres, sans fonctionnalités notables. Je veux dire, je l&amp;rsquo;ai pas mal utilisé et il a plus ou moins toujours fait ce qu&amp;rsquo;il était censé faire, jusqu&amp;rsquo;à il y a environ 2 ans, j&amp;rsquo;ai commencé à exiger d&amp;rsquo;utiliser des jeux lourds et des outils de développement, à ce moment-là, le nouveau PC (de bureau) était génial.</description>
    </item>
    <item>
      <title>⌨️ L&#39;idée d&#39;un clavier physique pour smartphone fait maison</title>
      <link>/fr/blog/2022-07-03-%EF%B8%8F-Lid%C3%A9e-dun-clavier-physique-pour-smartphone-fait-maison/</link>
      <pubDate>Sun, 03 Jul 2022 00:00:00 +0000</pubDate>
      <guid>/fr/blog/2022-07-03-%EF%B8%8F-Lid%C3%A9e-dun-clavier-physique-pour-smartphone-fait-maison/</guid>
      <description>Prudence&#xA;Le contenu de cette page a été entièrement et automatiquement traduit en français, à partir de Italiano. Il peut donc contenir toutes sortes d&amp;rsquo;erreurs.&#xA;Il y a peut-être un an, en partie par curiosité et en partie parce que j&amp;rsquo;imaginais déjà que cela aurait pu être quelque chose de pratique, j&amp;rsquo;ai développé un intérêt marginal pour les smartphones équipés de claviers physiques complets.&#xA;Je ne parle pas des foutus claviers numériques, que l&amp;rsquo;on voit encore aujourd&amp;rsquo;hui sur les téléphones non intelligents, je veux dire des claviers avec des dizaines de touches individuelles dédiées aux lettres et aux symboles.</description>
    </item>
    <item>
      <title>☀️ Rasperino Solare (et autres expériences qui ont mal tourné)</title>
      <link>/fr/blog/2022-06-23-%EF%B8%8F-Rasperino-Solare-et-autres-exp%C3%A9riences-qui-ont-mal-tourn%C3%A9/</link>
      <pubDate>Thu, 23 Jun 2022 00:00:00 +0000</pubDate>
      <guid>/fr/blog/2022-06-23-%EF%B8%8F-Rasperino-Solare-et-autres-exp%C3%A9riences-qui-ont-mal-tourn%C3%A9/</guid>
      <description>Prudence&#xA;Le contenu de cette page a été entièrement et automatiquement traduit en français, à partir de Italiano. Il peut donc contenir toutes sortes d&amp;rsquo;erreurs.&#xA;Il y a quelques mois, j&amp;rsquo;ai acheté en ligne un petit panneau solaire monocristallin, avec des dimensions similaires à celles d&amp;rsquo;une feuille A4, pour le chiffre d&amp;rsquo;environ 20 € (sur Amazon.it les vendeurs sont tous des voleurs, sur Aliexpress cela aurait coûté un peu moins cher).</description>
    </item>
    <item>
      <title>📄 Les documents ne doivent pas devenir des candidatures</title>
      <link>/fr/blog/2022-06-14-Les-documents-ne-doivent-pas-devenir-des-candidatures/</link>
      <pubDate>Tue, 14 Jun 2022 00:00:00 +0000</pubDate>
      <guid>/fr/blog/2022-06-14-Les-documents-ne-doivent-pas-devenir-des-candidatures/</guid>
      <description>Prudence&#xA;Le contenu de cette page a été entièrement et automatiquement traduit en français, à partir de Italiano. Il peut donc contenir toutes sortes d&amp;rsquo;erreurs.&#xA;Le Web d&amp;rsquo;aujourd&amp;rsquo;hui est incontestablement très différent de celui d&amp;rsquo;il y a 20 ans, et il évolue de plus en plus chaque année.&#xA;Regarder les côtés positifs du progrès est toujours très facile et rassurant, et c’est pour cette raison que nous pensons rarement aux côtés sombres qui, dans de très nombreux domaines, existent.</description>
    </item>
    <item>
      <title>🌐️ Comment et pourquoi sitect sur Tor ?</title>
      <link>/fr/blog/2022-06-03-%EF%B8%8F-Comment-et-pourquoi-sitect-sur-Tor/</link>
      <pubDate>Fri, 03 Jun 2022 00:00:00 +0000</pubDate>
      <guid>/fr/blog/2022-06-03-%EF%B8%8F-Comment-et-pourquoi-sitect-sur-Tor/</guid>
      <description>Prudence&#xA;Le contenu de cette page a été entièrement et automatiquement traduit en français, à partir de Italiano. Il peut donc contenir toutes sortes d&amp;rsquo;erreurs.&#xA;Ces derniers jours, j&amp;rsquo;ai réglé les premières questions concernant la mise à disposition du site sur le réseau Tor. Il y a ceux qui me traiteront d’exagéré même si j’ai eu l’idée de faire quelque chose comme ça, mais il y a peu de choses à faire.</description>
    </item>
    <item>
      <title>Les avantages inattendus de la clé Linux</title>
      <link>/fr/blog/2022-05-07-Les-avantages-inattendus-de-la-cl%C3%A9-Linux/</link>
      <pubDate>Sat, 07 May 2022 00:00:00 +0000</pubDate>
      <guid>/fr/blog/2022-05-07-Les-avantages-inattendus-de-la-cl%C3%A9-Linux/</guid>
      <description>Prudence&#xA;Le contenu de cette page a été entièrement et automatiquement traduit en français, à partir de Italiano. Il peut donc contenir toutes sortes d&amp;rsquo;erreurs.&#xA;Une chose que j&amp;rsquo;ai faite il y a des mois et qui, jusqu&amp;rsquo;à présent, s&amp;rsquo;est avérée être un choix gagnant, a été d&amp;rsquo;installer un système d&amp;rsquo;exploitation basé sur Linux, en mode persistant, * sur* un petite clé USB.&#xA;Les raisons pour lesquelles j&amp;rsquo;ai voulu le faire au départ sont peut-être simples et banales, mais cela m&amp;rsquo;a apporté, après une analyse minutieuse, des avantages inattendus qui étaient bien plus que bienvenus.</description>
    </item>
    <item>
      <title>Archives du MicroBlog de septembre 2019</title>
      <link>/fr/blog/1-01-01-Archives-du-MicroBlog-de-septembre-2019/</link>
      <pubDate>Mon, 01 Jan 0001 00:00:00 +0000</pubDate>
      <guid>/fr/blog/1-01-01-Archives-du-MicroBlog-de-septembre-2019/</guid>
      <description>Prudence&#xA;Le contenu de cette page a été entièrement et automatiquement traduit en français, à partir de Italiano. Il peut donc contenir toutes sortes d&amp;rsquo;erreurs.&#xA;&amp;lt;détails markdown=&amp;ldquo;1&amp;rdquo;&amp;gt;&amp;lt;résumé&amp;gt;&#xA;[2019-09-18 20:58] Lagwei lazur A.y : ooooo&#xA;Octt : de quoi ez ce lazur violet&#xA;Octobre : les mystères de lagwei&#xA;[&amp;hellip;] {: .Centre }&#xA;A.y : être un capteur de proximité&#xA;A.y : si tu brises du verre dessus&#xA;A.y : Je sais par expérience</description>
    </item>
  </channel>
</rss>
