<?xml version="1.0" encoding="utf-8" standalone="yes"?>
<rss version="2.0" xmlns:atom="http://www.w3.org/2005/Atom">
  <channel>
    <title>Internet on ✨sitoctt✨</title>
    <link>/es/categories/Internet/</link>
    <description>Recent content in Internet on ✨sitoctt✨</description>
    <generator>Hugo</generator>
    <language>es</language>
    <lastBuildDate>Wed, 28 Aug 2024 00:00:00 +0000</lastBuildDate>
    <atom:link href="/es/categories/Internet/index.xml" rel="self" type="application/rss+xml" />
    <item>
      <title>Colección de sitios de Internet</title>
      <link>/es/miscellanea/Colecci%C3%B3n-de-sitios-de-Internet/</link>
      <pubDate>Wed, 28 Aug 2024 00:00:00 +0000</pubDate>
      <guid>/es/miscellanea/Colecci%C3%B3n-de-sitios-de-Internet/</guid>
      <description>Precaución&#xA;El contenido de esta página ha sido íntegramente traducido por máquina al español, a partir de Italiano. Por lo tanto, puede contener errores de cualquier tipo.&#xA;Una colección dedicada a algunos sitios interesantes de Internet (¡no sólo web!), de varios tipos, que encuentro o que pertenecen a personas que conozco.&#xA;Aparte de la división en categorías, no existe ningún orden particular.&#xA;Las banderas de los países (emoji, quizás no visibles en navegadores más antiguos) junto a los nombres indican los idiomas principales del contenido del sitio.</description>
    </item>
    <item>
      <title>📓️ Sobre la transición de los diarios a los blogs y a las redes sociales, una reflexión</title>
      <link>/es/blog/2024-06-22-%EF%B8%8F-Sobre-la-transici%C3%B3n-de-los-diarios-a-los-blogs-y-a-las-redes-sociales-una-reflexi%C3%B3n/</link>
      <pubDate>Sat, 22 Jun 2024 00:00:00 +0000</pubDate>
      <guid>/es/blog/2024-06-22-%EF%B8%8F-Sobre-la-transici%C3%B3n-de-los-diarios-a-los-blogs-y-a-las-redes-sociales-una-reflexi%C3%B3n/</guid>
      <description>Precaución&#xA;El contenido de esta página ha sido íntegramente traducido por máquina al español, a partir de Italiano. Por lo tanto, puede contener errores de cualquier tipo.&#xA;Este año, lo saben mis seguidores más asiduos, disfruto del privilegio de no tener que afrontar el examen final: ya di bastante el año pasado, mientras que ahora me encuentro en la vorágine mucho peor de la universidad. Pero, para aquellos que no prestan la atención necesaria a mis perfiles online: está bien, ya lo han descubierto.</description>
    </item>
    <item>
      <title>🏴‍☠️ ¿Qué impacto tendrá la nueva ley italiana antipiratería?</title>
      <link>/es/blog/2023-04-16-%EF%B8%8F-Qu%C3%A9-impacto-tendr%C3%A1-la-nueva-ley-italiana-antipirater%C3%ADa/</link>
      <pubDate>Sun, 16 Apr 2023 00:00:00 +0000</pubDate>
      <guid>/es/blog/2023-04-16-%EF%B8%8F-Qu%C3%A9-impacto-tendr%C3%A1-la-nueva-ley-italiana-antipirater%C3%ADa/</guid>
      <description>Precaución&#xA;El contenido de esta página ha sido íntegramente traducido por máquina al español, a partir de Italiano. Por lo tanto, puede contener errores de cualquier tipo.&#xA;Algunos lo sabrán, en Italia se aprobó la nueva ley antipiratería, y ahora las dudas con las que nos enfrentamos los entusiastas del libre intercambio son diferentes:&#xA;¿Cuándo entrará en vigor? (Espero que no exactamente en el momento en que escribo este post 😰) ¿Cuánto dinero habrán gastado los lobbies del entretenimiento para garantizar que la ley fuera aprobada con total unanimidad?</description>
    </item>
    <item>
      <title>🐕u200d🦺 Epicyon, plataforma Fediverse que dura 2 días</title>
      <link>/es/blog/2022-12-26-u200d-Epicyon-plataforma-Fediverse-que-dura-2-d%C3%ADas/</link>
      <pubDate>Mon, 26 Dec 2022 00:00:00 +0000</pubDate>
      <guid>/es/blog/2022-12-26-u200d-Epicyon-plataforma-Fediverse-que-dura-2-d%C3%ADas/</guid>
      <description>Precaución&#xA;El contenido de esta página ha sido íntegramente traducido por máquina al español, a partir de Italiano. Por lo tanto, puede contener errores de cualquier tipo.&#xA;A estas alturas, lo sabemos, cuanto más pasa el tiempo, más termino explorando detalles cada vez más minuciosos del Fediverse. Hoy les hablaré un poco sobre una plataforma bastante desconocida en este mundo, que tenía buenas premisas, pero resultó ser un callejón sin salida: Epicyon.</description>
    </item>
    <item>
      <title>📈 sitoctt - Desde hace 3 meses hasta hoy, el inicio y los motivos</title>
      <link>/es/blog/2022-08-26-sitoctt-Desde-hace-3-meses-hasta-hoy-el-inicio-y-los-motivos/</link>
      <pubDate>Fri, 26 Aug 2022 00:00:00 +0000</pubDate>
      <guid>/es/blog/2022-08-26-sitoctt-Desde-hace-3-meses-hasta-hoy-el-inicio-y-los-motivos/</guid>
      <description>Precaución&#xA;El contenido de esta página ha sido íntegramente traducido por máquina al español, a partir de Italiano. Por lo tanto, puede contener errores de cualquier tipo.&#xA;Este artículo probablemente pueda considerarse como el primero de una serie sobre la filosofía del sitio, si así se quiere decir.&#xA;Para empezar, ¿qué es mejor hablar sino de todo lo que propició el nacimiento del sitio y empezó a caracterizarlo?&#xA;Cuando, hace ya 3 meses, recién comencé a concebir el sitio ctt, una de las cosas que sentí fue que no tenía un lugar donde colocar mis cosas - las cosas que debían ser preservadas y compartidas.</description>
    </item>
    <item>
      <title>📄 Los documentos no deben convertirse en solicitudes</title>
      <link>/es/blog/2022-06-14-Los-documentos-no-deben-convertirse-en-solicitudes/</link>
      <pubDate>Tue, 14 Jun 2022 00:00:00 +0000</pubDate>
      <guid>/es/blog/2022-06-14-Los-documentos-no-deben-convertirse-en-solicitudes/</guid>
      <description>Precaución&#xA;El contenido de esta página ha sido íntegramente traducido por máquina al español, a partir de Italiano. Por lo tanto, puede contener errores de cualquier tipo.&#xA;La Web actual es sin duda muy diferente a la de hace 20 años, y cambia cada vez más con cada año que pasa.&#xA;Mirar los lados positivos del progreso siempre es muy fácil y tranquilizador, y por esta razón rara vez pensamos en los lados oscuros que, en muchas, muchas cosas, existen.</description>
    </item>
    <item>
      <title>🌐️ ¿Cómo y por qué sitectt en Tor?</title>
      <link>/es/blog/2022-06-03-%EF%B8%8F-C%C3%B3mo-y-por-qu%C3%A9-sitectt-en-Tor/</link>
      <pubDate>Fri, 03 Jun 2022 00:00:00 +0000</pubDate>
      <guid>/es/blog/2022-06-03-%EF%B8%8F-C%C3%B3mo-y-por-qu%C3%A9-sitectt-en-Tor/</guid>
      <description>Precaución&#xA;El contenido de esta página ha sido íntegramente traducido por máquina al español, a partir de Italiano. Por lo tanto, puede contener errores de cualquier tipo.&#xA;En los últimos días he resuelto las primeras cuestiones relativas a la disponibilidad del sitio en la red Tor. Hay quienes me llamarán exagerado por siquiera tener la idea de hacer algo como esto, pero es poco lo que se puede hacer.</description>
    </item>
  </channel>
</rss>
