<?xml version="1.0" encoding="utf-8" standalone="yes"?>
<rss version="2.0" xmlns:atom="http://www.w3.org/2005/Atom">
  <channel>
    <title>Administrateur Système on ✨sitoctt✨</title>
    <link>/fr/categories/Administrateur-syst%C3%A8me/</link>
    <description>Recent content in Administrateur Système on ✨sitoctt✨</description>
    <generator>Hugo</generator>
    <language>fr</language>
    <lastBuildDate>Sat, 28 Jan 2023 00:00:00 +0000</lastBuildDate>
    <atom:link href="/fr/categories/Administrateur-syst%C3%A8me/index.xml" rel="self" type="application/rss+xml" />
    <item>
      <title>🤯 Quand les problèmes matériels deviennent mentaux (putain de Raspino)</title>
      <link>/fr/blog/2023-01-28-Quand-les-probl%C3%A8mes-mat%C3%A9riels-deviennent-mentaux-putain-de-Raspino/</link>
      <pubDate>Sat, 28 Jan 2023 00:00:00 +0000</pubDate>
      <guid>/fr/blog/2023-01-28-Quand-les-probl%C3%A8mes-mat%C3%A9riels-deviennent-mentaux-putain-de-Raspino/</guid>
      <description>Prudence&#xA;Le contenu de cette page a été entièrement et automatiquement traduit en français, à partir de Italiano. Il peut donc contenir toutes sortes d&amp;rsquo;erreurs.&#xA;Jusqu&#39;à il y a 2 mois, mon royaume de Rasperino était à sa splendeur maximale : l&#39;instance Misskey, mise en place à peine 2 semaines plus tôt, &lt; strong&gt;elle allait génial, et maintenant (presque) tout semblait destiné à bien continuer...&#xA;Et au lieu de cela, des problèmes sont survenus.</description>
    </item>
    <item>
      <title>🌐️ Comment et pourquoi sitect sur Tor ?</title>
      <link>/fr/blog/2022-06-03-%EF%B8%8F-Comment-et-pourquoi-sitect-sur-Tor/</link>
      <pubDate>Fri, 03 Jun 2022 00:00:00 +0000</pubDate>
      <guid>/fr/blog/2022-06-03-%EF%B8%8F-Comment-et-pourquoi-sitect-sur-Tor/</guid>
      <description>Prudence&#xA;Le contenu de cette page a été entièrement et automatiquement traduit en français, à partir de Italiano. Il peut donc contenir toutes sortes d&amp;rsquo;erreurs.&#xA;Ces derniers jours, j&amp;rsquo;ai réglé les premières questions concernant la mise à disposition du site sur le réseau Tor. Il y a ceux qui me traiteront d’exagéré même si j’ai eu l’idée de faire quelque chose comme ça, mais il y a peu de choses à faire.</description>
    </item>
  </channel>
</rss>
