<?xml version="1.0" encoding="utf-8" standalone="yes"?>
<rss version="2.0" xmlns:atom="http://www.w3.org/2005/Atom">
  <channel>
    <title>Divers on ✨sitoctt✨</title>
    <link>/fr/miscellanea/</link>
    <description>Recent content in Divers on ✨sitoctt✨</description>
    <generator>Hugo</generator>
    <language>fr</language>
    <lastBuildDate>Wed, 28 Aug 2024 00:00:00 +0000</lastBuildDate>
    <atom:link href="/fr/miscellanea/index.xml" rel="self" type="application/rss+xml" />
    <item>
      <title>Collection de sites Internet</title>
      <link>/fr/miscellanea/Collection-de-sites-Internet/</link>
      <pubDate>Wed, 28 Aug 2024 00:00:00 +0000</pubDate>
      <guid>/fr/miscellanea/Collection-de-sites-Internet/</guid>
      <description>Prudence&#xA;Le contenu de cette page a été entièrement et automatiquement traduit en français, à partir de Italiano. Il peut donc contenir toutes sortes d&amp;rsquo;erreurs.&#xA;Une collection dédiée à quelques sites Internet sympas (pas seulement web !), de différents types, que je trouve autour ou appartiennent à des personnes que je connais.&#xA;Hormis la répartition en catégories, il n’y a pas d’ordre particulier.&#xA;Les drapeaux des pays (emoji, peut-être non visibles sur les anciens navigateurs) à côté des noms indiquent les langues principales du contenu du site.</description>
    </item>
    <item>
      <title>😺 Qui je suis</title>
      <link>/fr/miscellanea/Qui-je-suis/</link>
      <pubDate>Tue, 17 Oct 2023 00:00:00 +0000</pubDate>
      <guid>/fr/miscellanea/Qui-je-suis/</guid>
      <description>Prudence&#xA;Le contenu de cette page a été entièrement et automatiquement traduit en français, à partir de Italiano. Il peut donc contenir toutes sortes d&amp;rsquo;erreurs.&#xA;A juste titre, en venant ici, que vous ayez lu ou non les informations générales du site sur Accueil, vous vous demanderez qui je suis.&#xA;Je suis oct. Oui, c&amp;rsquo;est vrai, Octt dont sitoctt, mon site, tire son nom.&#xA;Octt se prononce &amp;ldquo;òctt&amp;rdquo; - comme sitoctt, mais sans &amp;ldquo;sit&amp;rdquo;.</description>
    </item>
    <item>
      <title>Récolte du riz</title>
      <link>/fr/miscellanea/R%C3%A9colte-du-riz/</link>
      <pubDate>Wed, 22 Mar 2023 00:00:00 +0000</pubDate>
      <guid>/fr/miscellanea/R%C3%A9colte-du-riz/</guid>
      <description>Prudence&#xA;Le contenu de cette page a été entièrement et automatiquement traduit en français, à partir de Italiano. Il peut donc contenir toutes sortes d&amp;rsquo;erreurs.&#xA;Rice Collection - ou, pour le dire plus exactement, collection de mes ricing : personnalisations d&amp;rsquo;interface apportées à mes systèmes d&amp;rsquo;exploitation.&#xA;Dans la communauté Linux, les termes « riz » et « ricing » sont courants pour désigner une variété de personnalisations cosmétiques faites maison que les passionnés effectuent pour diverses raisons.</description>
    </item>
    <item>
      <title>💰 Dons</title>
      <link>/fr/miscellanea/Dons/</link>
      <pubDate>Sat, 12 Nov 2022 00:00:00 +0000</pubDate>
      <guid>/fr/miscellanea/Dons/</guid>
      <description>Prudence&#xA;Le contenu de cette page a été entièrement et automatiquement traduit en français, à partir de Italiano. Il peut donc contenir toutes sortes d&amp;rsquo;erreurs.&#xA;Ils m&amp;rsquo;ont dit que je devrais faire du bénéfice le site.&#xA;En fait, si vous y réfléchissez, ils ont raison, mais&amp;hellip; il y a un mais.&#xA;Comme je ne peux pas, pour des raisons évidentes de décence humaine, mettre de la publicité, des trackers divers ou des cryptomineurs sur le site, j&amp;rsquo;opte pour quelque chose de moins invasif : cette page.</description>
    </item>
    <item>
      <title>✉️ Archives PicoBlog</title>
      <link>/fr/miscellanea/%EF%B8%8F-Archives-PicoBlog/</link>
      <pubDate>Mon, 01 Jan 0001 00:00:00 +0000</pubDate>
      <guid>/fr/miscellanea/%EF%B8%8F-Archives-PicoBlog/</guid>
      <description>Prudence&#xA;Le contenu de cette page a été entièrement et automatiquement traduit en français, à partir de Italiano. Il peut donc contenir toutes sortes d&amp;rsquo;erreurs.&#xA;Comme annoncé dans l&amp;rsquo;article &amp;ldquo;🎇 Le bilan de ce 2023, du moins en terme de publication ! &amp;quot; , PicoBlog est désormais obsolète et ne sera plus mis à jour. Ce qui suit est l&amp;rsquo;archive des anciens contenus, qui resteront lisibles. Les nouveaux articles seront ensuite publiés sur le Nouveau MicroBlog Unifié, accessible depuis le menu du site.</description>
    </item>
    <item>
      <title>🎶Collection musicale</title>
      <link>/fr/miscellanea/Collection-musicale/</link>
      <pubDate>Mon, 01 Jan 0001 00:00:00 +0000</pubDate>
      <guid>/fr/miscellanea/Collection-musicale/</guid>
      <description>Prudence&#xA;Le contenu de cette page a été entièrement et automatiquement traduit en français, à partir de Italiano. Il peut donc contenir toutes sortes d&amp;rsquo;erreurs.&#xA;En cours de construction&amp;hellip;&#xA;Macros 82-99&#xA;Principalement de la musique du genre future-funk, un sous-genre du vaporwave avec un ton plus rythmé et plus agréable. Chaque album présente des thèmes sonores différents, avec des références à la culture pop japonaise des années 80 et 90.</description>
    </item>
    <item>
      <title>Cartes QR</title>
      <link>/fr/miscellanea/Cartes-QR/</link>
      <pubDate>Mon, 01 Jan 0001 00:00:00 +0000</pubDate>
      <guid>/fr/miscellanea/Cartes-QR/</guid>
      <description>Prudence&#xA;Le contenu de cette page a été entièrement et automatiquement traduit en français, à partir de Italiano. Il peut donc contenir toutes sortes d&amp;rsquo;erreurs.&#xA;Voici une idée qui m&amp;rsquo;est venue à l&amp;rsquo;esprit vers le début de l&amp;rsquo;année 2022, je ne sais pas pourquoi. Ou plutôt, c&amp;rsquo;était une période où je m&amp;rsquo;intéressais au concept d&amp;rsquo;utilisation du papier comme moyen de stockage de petites données informatiques, mais je ne sais pas pourquoi j&amp;rsquo;ai commencé à ressentir ce goût.</description>
    </item>
    <item>
      <title>Collection de choses aléatoires</title>
      <link>/fr/miscellanea/Collection-de-choses-al%C3%A9atoires/</link>
      <pubDate>Mon, 01 Jan 0001 00:00:00 +0000</pubDate>
      <guid>/fr/miscellanea/Collection-de-choses-al%C3%A9atoires/</guid>
      <description>Prudence&#xA;Le contenu de cette page a été entièrement et automatiquement traduit en français, à partir de Italiano. Il peut donc contenir toutes sortes d&amp;rsquo;erreurs.&#xA;Il s&amp;rsquo;agit littéralement d&amp;rsquo;une collection d&amp;rsquo;éléments aléatoires trouvés sur Internet ou dans des archives étranges sur mon PC. Ne vous attendez pas à ce qu&amp;rsquo;il y ait un contexte compréhensible pour tout cela&amp;hellip;&#xA;&amp;lt;détails markdown=&amp;ldquo;1&amp;rdquo;&amp;gt;&#xA;La misère (Origine et Licence de la vidéo : Inconnue)</description>
    </item>
  </channel>
</rss>
