<?xml version="1.0" encoding="utf-8" standalone="yes"?>
<rss version="2.0" xmlns:atom="http://www.w3.org/2005/Atom">
  <channel>
    <title>Collection de jeux vidéo on ✨sitoctt✨</title>
    <link>/fr/miscellanea/Raccolta-Videogiochi/</link>
    <description>Recent content in Collection de jeux vidéo on ✨sitoctt✨</description>
    <generator>Hugo</generator>
    <language>fr</language>
    <lastBuildDate>Sat, 01 Apr 2023 00:00:00 +0000</lastBuildDate>
    <atom:link href="/fr/miscellanea/Raccolta-Videogiochi/index.xml" rel="self" type="application/rss+xml" />
    <item>
      <title>⛏️ Minecraft</title>
      <link>/fr/miscellanea/raccolta-videogiochi/%EF%B8%8F-Minecraft/</link>
      <pubDate>Sat, 01 Apr 2023 00:00:00 +0000</pubDate>
      <guid>/fr/miscellanea/raccolta-videogiochi/%EF%B8%8F-Minecraft/</guid>
      <description>Prudence&#xA;Le contenu de cette page a été entièrement et automatiquement traduit en français, à partir de Italiano. Il peut donc contenir toutes sortes d&amp;rsquo;erreurs.&#xA;Je crois que Minecraft peut être défini comme le jeu moderne (pour le meilleur ou pour le pire) qui développe une complexité potentiellement infinie à partir de prémisses simples. Dans le bon sens, évidemment : la complexité impressionne et récompense ceux qui la recherchent, mais le titre reste jouable pour tous.</description>
    </item>
    <item>
      <title>🏃‍♀️ Mirror&#39;s Edge</title>
      <link>/fr/miscellanea/raccolta-videogiochi/%EF%B8%8F-Mirrors-Edge/</link>
      <pubDate>Sat, 01 Apr 2023 00:00:00 +0000</pubDate>
      <guid>/fr/miscellanea/raccolta-videogiochi/%EF%B8%8F-Mirrors-Edge/</guid>
      <description>Prudence&#xA;Le contenu de cette page a été entièrement et automatiquement traduit en français, à partir de Italiano. Il peut donc contenir toutes sortes d&amp;rsquo;erreurs.&#xA;De YouTube/2N1TJP1cxmo.&#xA;La meilleure façon de décrire Mirror&amp;rsquo;s Edge est de dire que c&amp;rsquo;est un jeu en mouvement constant. Littéralement debout au bord du miroir, les bords de l&amp;rsquo;énorme verre dont sont faits les bâtiments de La Città, on court et saute sans aucun frein.</description>
    </item>
    <item>
      <title>💣 Démineur</title>
      <link>/fr/miscellanea/raccolta-videogiochi/D%C3%A9mineur/</link>
      <pubDate>Tue, 28 Mar 2023 00:00:00 +0000</pubDate>
      <guid>/fr/miscellanea/raccolta-videogiochi/D%C3%A9mineur/</guid>
      <description>Prudence&#xA;Le contenu de cette page a été entièrement et automatiquement traduit en français, à partir de Italiano. Il peut donc contenir toutes sortes d&amp;rsquo;erreurs.&#xA;Dans Démineur (en italien officiellement &amp;ldquo;Minefield&amp;rdquo;) vous disposez d&amp;rsquo;une grille de jeu dans laquelle des bombes ont été placées aléatoirement (par un algorithme). Pour gagner, vous devez tous les localiser sans en faire exploser aucun.&#xA;Les règles sont simples, mais le jeu atteint facilement des niveaux élevés de complexité et possède un je-ne-sais-quoi dont vous ne pouvez pas vous passer.</description>
    </item>
    <item>
      <title>🔢️ 2048</title>
      <link>/fr/miscellanea/raccolta-videogiochi/%EF%B8%8F-2048/</link>
      <pubDate>Sun, 26 Mar 2023 00:00:00 +0000</pubDate>
      <guid>/fr/miscellanea/raccolta-videogiochi/%EF%B8%8F-2048/</guid>
      <description>Prudence&#xA;Le contenu de cette page a été entièrement et automatiquement traduit en français, à partir de Italiano. Il peut donc contenir toutes sortes d&amp;rsquo;erreurs.&#xA;2048 est un jeu de réflexion simple dans lequel vous disposez d&amp;rsquo;une grille de tuiles numérotées générées aléatoirement que vous pouvez faire glisser entièrement dans l&amp;rsquo;une des quatre directions. Tous les nombres sont des puissances de 2, et les nombres égaux qui entrent en collision s’additionnent pour devenir leur double.</description>
    </item>
    <item>
      <title>#️⃣️ Nonogramme</title>
      <link>/fr/miscellanea/raccolta-videogiochi/%23%EF%B8%8F%E2%83%A3%EF%B8%8F-Nonogramme/</link>
      <pubDate>Wed, 22 Mar 2023 00:00:00 +0000</pubDate>
      <guid>/fr/miscellanea/raccolta-videogiochi/%23%EF%B8%8F%E2%83%A3%EF%B8%8F-Nonogramme/</guid>
      <description>Prudence&#xA;Le contenu de cette page a été entièrement et automatiquement traduit en français, à partir de Italiano. Il peut donc contenir toutes sortes d&amp;rsquo;erreurs.&#xA;Les Nonogram (aussi appelés Picross, Crucipixel, et une vingtaine d&amp;rsquo;autres noms) sont des puzzles qui consistent à remplir une grille de carrés afin de faire apparaître une image, à l&amp;rsquo;aide des chiffres sur les côtés. de la feuille pour trouver les intersections entre les lignes et les colonnes.</description>
    </item>
  </channel>
</rss>
