<?xml version="1.0" encoding="utf-8" standalone="yes"?>
<rss version="2.0" xmlns:atom="http://www.w3.org/2005/Atom">
  <channel>
    <title>Fried-Mixed on ✨sitoctt✨</title>
    <link>/en/categories/Fried-Mixed/</link>
    <description>Recent content in Fried-Mixed on ✨sitoctt✨</description>
    <generator>Hugo</generator>
    <language>en</language>
    <atom:link href="/en/categories/Fried-Mixed/index.xml" rel="self" type="application/rss+xml" />
    <item>
      <title>🎶 Music Collection</title>
      <link>/en/miscellanea/Music-Collection/</link>
      <pubDate>Mon, 01 Jan 0001 00:00:00 +0000</pubDate>
      <guid>/en/miscellanea/Music-Collection/</guid>
      <description>Caution&#xA;The content of this page has been entirely machine-translated into English, from Italiano. Therefore, it might contain any kind of errors.&#xA;Under construction&amp;hellip;&#xA;Macross 82-99&#xA;Mainly music from the future-funk genre, a subgenre of vaporwave with a more rhythmic and nicer tone. Each album has different sound themes, with references to Japanese pop culture of the 80s and 90s. More or less all of his songs manage to be very calm and relaxing.</description>
    </item>
    <item>
      <title>Collection of Random Things</title>
      <link>/en/miscellanea/Collection-of-Random-Things/</link>
      <pubDate>Mon, 01 Jan 0001 00:00:00 +0000</pubDate>
      <guid>/en/miscellanea/Collection-of-Random-Things/</guid>
      <description>Caution&#xA;The content of this page has been entirely machine-translated into English, from Italiano. Therefore, it might contain any kind of errors.&#xA;This is literally a collection of random things found around the internet or in weird archives on my PC. Don&amp;rsquo;t expect there to be an understandable context to any of it&amp;hellip;&#xA;The Misery (Origin and License of the video: Unknown)&#xA;[2019-10-28 10:26] APKPure, an Android app store, integrates social features for some reason.</description>
    </item>
    <item>
      <title>QR Cards</title>
      <link>/en/miscellanea/QR-Cards/</link>
      <pubDate>Mon, 01 Jan 0001 00:00:00 +0000</pubDate>
      <guid>/en/miscellanea/QR-Cards/</guid>
      <description>Caution&#xA;The content of this page has been entirely machine-translated into English, from Italiano. Therefore, it might contain any kind of errors.&#xA;Here&amp;rsquo;s an idea that popped into my head towards the beginning of 2022, I&amp;rsquo;m not sure why. Or rather, it was a period in which I was interested in the concept of using paper as a means of storing small computer data, but I don&amp;rsquo;t know why I started to feel this taste.</description>
    </item>
  </channel>
</rss>
