<?xml version="1.0" encoding="utf-8" standalone="yes"?>
<rss version="2.0" xmlns:atom="http://www.w3.org/2005/Atom">
  <channel>
    <title>Mobile on ✨sitoctt✨</title>
    <link>/en/categories/Mobile/</link>
    <description>Recent content in Mobile on ✨sitoctt✨</description>
    <generator>Hugo</generator>
    <language>en</language>
    <lastBuildDate>Tue, 21 Mar 2023 00:00:00 +0000</lastBuildDate>
    <atom:link href="/en/categories/Mobile/index.xml" rel="self" type="application/rss+xml" />
    <item>
      <title>⌨️ The idea of ​​a homemade physical smartphone keyboard</title>
      <link>/en/blog/2023-03-21-%EF%B8%8F-The-idea-of-a-homemade-physical-smartphone-keyboard/</link>
      <pubDate>Tue, 21 Mar 2023 00:00:00 +0000</pubDate>
      <guid>/en/blog/2023-03-21-%EF%B8%8F-The-idea-of-a-homemade-physical-smartphone-keyboard/</guid>
      <description>Caution&#xA;The content of this page has been entirely machine-translated into English, from Italiano. Therefore, it might contain any kind of errors.&#xA;Maybe a year ago, partly out of curiosity and partly because I already imagined that it might have been something convenient, I developed a marginal interest in smartphones equipped with complete physical keyboards.&#xA;I don&amp;rsquo;t mean the damn numeric keypads, which you still see on non-smart phones today, I mean keyboards with dozens of individual keys dedicated for letters and symbols.</description>
    </item>
  </channel>
</rss>
