<?xml version="1.0" encoding="utf-8" standalone="yes"?>
<rss version="2.0" xmlns:atom="http://www.w3.org/2005/Atom">
  <channel>
    <title>Meta on ✨sitoctt✨</title>
    <link>/en/categories/Meta/</link>
    <description>Recent content in Meta on ✨sitoctt✨</description>
    <generator>Hugo</generator>
    <language>en</language>
    <lastBuildDate>Sun, 25 Aug 2024 00:00:00 +0000</lastBuildDate>
    <atom:link href="/en/categories/Meta/index.xml" rel="self" type="application/rss+xml" />
    <item>
      <title>On sitectt</title>
      <link>/en/miscellanea/On-sitectt/</link>
      <pubDate>Sun, 25 Aug 2024 00:00:00 +0000</pubDate>
      <guid>/en/miscellanea/On-sitectt/</guid>
      <description>Caution&#xA;The content of this page has been entirely machine-translated into English, from Italiano. Therefore, it might contain any kind of errors.&#xA;This here was initially the home page of the site, but it has become so problematically long that&amp;hellip; never mind, everything is explained on the new home. Here, therefore, is the classic series of loose information regarding the ✨sitoctt✨ (some of it old, it will be updated based on what&amp;rsquo;s new)!</description>
    </item>
    <item>
      <title>💰 Donations</title>
      <link>/en/miscellanea/Donations/</link>
      <pubDate>Sat, 12 Nov 2022 00:00:00 +0000</pubDate>
      <guid>/en/miscellanea/Donations/</guid>
      <description>Caution&#xA;The content of this page has been entirely machine-translated into English, from Italiano. Therefore, it might contain any kind of errors.&#xA;They told me I should make the site profit.&#xA;In fact, if you think about it, they are right, but&amp;hellip; there is a but.&#xA;Since I cannot, for obvious reasons of human decency, put advertising, assorted trackers, or cryptominers on the site, I opt for something less invasive: this page.</description>
    </item>
  </channel>
</rss>
