<?xml version="1.0" encoding="utf-8" standalone="yes"?>
<rss version="2.0" xmlns:atom="http://www.w3.org/2005/Atom">
  <channel>
    <title>Sysadmin on ✨sitoctt✨</title>
    <link>/en/categories/Sysadmin/</link>
    <description>Recent content in Sysadmin on ✨sitoctt✨</description>
    <generator>Hugo</generator>
    <language>en</language>
    <lastBuildDate>Mon, 20 Mar 2023 00:00:00 +0000</lastBuildDate>
    <atom:link href="/en/categories/Sysadmin/index.xml" rel="self" type="application/rss+xml" />
    <item>
      <title>🥴 Ugly interface? Files all destroyed!</title>
      <link>/en/blog/2023-03-18-Ugly-interface-Files-all-destroyed/</link>
      <pubDate>Sat, 18 Mar 2023 00:00:00 +0000</pubDate>
      <guid>/en/blog/2023-03-18-Ugly-interface-Files-all-destroyed/</guid>
      <description>Caution&#xA;The content of this page has been entirely machine-translated into English, from Italiano. Therefore, it might contain any kind of errors.&#xA;Let&amp;rsquo;s visually compare two PC applications: GNOME Disks, and GParted.&#xA;Both are disk partitioning tools, and broadly serve the same tasks; there is just some difference in extra features or more support in favor of one program or the other. Despite this, the two tools present obvious differences in their graphical interface.</description>
    </item>
    <item>
      <title>🤯 When hardware problems become mental (damn Raspino)</title>
      <link>/en/blog/2023-01-28-When-hardware-problems-become-mental-damn-Raspino/</link>
      <pubDate>Sat, 28 Jan 2023 00:00:00 +0000</pubDate>
      <guid>/en/blog/2023-01-28-When-hardware-problems-become-mental-damn-Raspino/</guid>
      <description>Caution&#xA;The content of this page has been entirely machine-translated into English, from Italiano. Therefore, it might contain any kind of errors.&#xA;Until now 2 months ago, my kingdom of Rasperino was at its maximum splendor: the Misskey instance, set up just 2 weeks earlier, &lt; strong&gt;it was going great, and now (almost) everything seemed destined to continue well...&#xA;And instead, problems arose. Let&#39;s say it took me a little while to notice, because they developed in a strangely gradual way.</description>
    </item>
    <item>
      <title>🌐️ How and why sitectt on Tor?</title>
      <link>/en/blog/2022-06-03-%EF%B8%8F-How-and-why-sitectt-on-Tor/</link>
      <pubDate>Fri, 03 Jun 2022 00:00:00 +0000</pubDate>
      <guid>/en/blog/2022-06-03-%EF%B8%8F-How-and-why-sitectt-on-Tor/</guid>
      <description>Caution&#xA;The content of this page has been entirely machine-translated into English, from Italiano. Therefore, it might contain any kind of errors.&#xA;In recent days I have settled the first matters regarding making the site available on the Tor network. There are those who will call me exaggerated for even having the thought of doing something like this, but there is little that can be done.&#xA;If nothing has gone wrong, the Onion service can still be reached at this address: onmfrk2acl4xdeawfjg3nfepq7gcufolctmhiwwxpcknazus5bxzxhqd.</description>
    </item>
  </channel>
</rss>
