<?xml version="1.0" encoding="utf-8" standalone="yes"?>
<rss version="2.0" xmlns:atom="http://www.w3.org/2005/Atom">
  <channel>
    <title>Categories on ✨sitoctt✨</title>
    <link>/it/categories/</link>
    <description>Recent content in Categories on ✨sitoctt✨</description>
    <generator>Hugo</generator>
    <language>it</language>
    <lastBuildDate>Fri, 20 Sep 2024 00:00:00 +0000</lastBuildDate>
    <atom:link href="/it/categories/index.xml" rel="self" type="application/rss+xml" />
    <item>
      <title>Gaming</title>
      <link>/it/categories/Gaming/</link>
      <pubDate>Fri, 20 Sep 2024 00:00:00 +0000</pubDate>
      <guid>/it/categories/Gaming/</guid>
      <description></description>
    </item>
    <item>
      <title>Linux</title>
      <link>/it/categories/Linux/</link>
      <pubDate>Thu, 19 Sep 2024 00:00:00 +0000</pubDate>
      <guid>/it/categories/Linux/</guid>
      <description></description>
    </item>
    <item>
      <title>Rasperino</title>
      <link>/it/categories/Rasperino/</link>
      <pubDate>Thu, 19 Sep 2024 00:00:00 +0000</pubDate>
      <guid>/it/categories/Rasperino/</guid>
      <description></description>
    </item>
    <item>
      <title>Internet</title>
      <link>/it/categories/Internet/</link>
      <pubDate>Wed, 28 Aug 2024 00:00:00 +0000</pubDate>
      <guid>/it/categories/Internet/</guid>
      <description></description>
    </item>
    <item>
      <title>Meta</title>
      <link>/it/categories/Meta/</link>
      <pubDate>Sun, 25 Aug 2024 00:00:00 +0000</pubDate>
      <guid>/it/categories/Meta/</guid>
      <description></description>
    </item>
    <item>
      <title>Recensioni</title>
      <link>/it/categories/Recensioni/</link>
      <pubDate>Sun, 07 Apr 2024 00:00:00 +0000</pubDate>
      <guid>/it/categories/Recensioni/</guid>
      <description></description>
    </item>
    <item>
      <title>DIY</title>
      <link>/it/categories/DIY/</link>
      <pubDate>Fri, 15 Sep 2023 00:00:00 +0000</pubDate>
      <guid>/it/categories/DIY/</guid>
      <description></description>
    </item>
    <item>
      <title>Tecnologia</title>
      <link>/it/categories/Tecnologia/</link>
      <pubDate>Fri, 30 Jun 2023 00:00:00 +0000</pubDate>
      <guid>/it/categories/Tecnologia/</guid>
      <description></description>
    </item>
    <item>
      <title>Sysadmin</title>
      <link>/it/categories/Sysadmin/</link>
      <pubDate>Sat, 18 Mar 2023 00:00:00 +0000</pubDate>
      <guid>/it/categories/Sysadmin/</guid>
      <description></description>
    </item>
    <item>
      <title>📒 Vecchi MicroBlog</title>
      <link>/it/categories/MicroBlog/</link>
      <pubDate>Sun, 16 Oct 2022 00:00:00 +0000</pubDate>
      <guid>/it/categories/MicroBlog/</guid>
      <description>Come annunciato nell&amp;rsquo;articolo &amp;ldquo;🎇 Il resocontoctt di questo 2023, almeno in termini di posting!&amp;rdquo;, il Vecchio MicroBlog è ora deprecato, e non verrà più aggiornato. Quello che segue è l&amp;rsquo;archivio dei vecchi contenuti, che rimarrà leggibile. I nuovi post verranno quindi pubblicati sul Nuovo MicroBlog unificato, raggiungibile dal menu del sito.&#xA;Nota: I contenuti negli archivi possono aver subito redazioni non segnalate.</description>
    </item>
    <item>
      <title>Mobile</title>
      <link>/it/categories/Mobile/</link>
      <pubDate>Wed, 27 Jul 2022 00:00:00 +0000</pubDate>
      <guid>/it/categories/Mobile/</guid>
      <description></description>
    </item>
    <item>
      <title>Ecologia</title>
      <link>/it/categories/Ecologia/</link>
      <pubDate>Sat, 09 Jul 2022 00:00:00 +0000</pubDate>
      <guid>/it/categories/Ecologia/</guid>
      <description></description>
    </item>
    <item>
      <title>Fritto-Misto</title>
      <link>/it/categories/Fritto-Misto/</link>
      <pubDate>Mon, 01 Jan 0001 00:00:00 +0000</pubDate>
      <guid>/it/categories/Fritto-Misto/</guid>
      <description></description>
    </item>
  </channel>
</rss>
