<?xml version="1.0" encoding="utf-8" standalone="yes"?>
<rss version="2.0" xmlns:atom="http://www.w3.org/2005/Atom">
  <channel>
    <title>Blog on ✨sitoctt✨</title>
    <link>/it/blog/</link>
    <description>Recent content in Blog on ✨sitoctt✨</description>
    <generator>Hugo</generator>
    <language>it</language>
    <lastBuildDate>Sat, 22 Jun 2024 00:00:00 +0000</lastBuildDate>
    <atom:link href="/it/blog/index.xml" rel="self" type="application/rss+xml" />
    <item>
      <title>📓️ Sul passaggio dai diari ai blog ai social, una riflessione</title>
      <link>/it/blog/2024-06-22-%EF%B8%8F-Sul-passaggio-dai-diari-ai-blog-ai-social-una-riflessione/</link>
      <pubDate>Sat, 22 Jun 2024 00:00:00 +0000</pubDate>
      <guid>/it/blog/2024-06-22-%EF%B8%8F-Sul-passaggio-dai-diari-ai-blog-ai-social-una-riflessione/</guid>
      <description>Quest&#39;anno, i miei più assidui seguaci lo sanno, godo del privilegio di non dover affrontare l&#39;esame di maturità: ho già dato abbastanza l&#39;anno scorso, mentre ora mi trovo nel ben peggiore vortice dell&#39;università. Ma, per coloro che invece non degnano i miei profili online delle dovute attenzioni: fa niente, lo avete scoperto ora.&#xA;Non andando più a scuola, è inevitabile che sia passato per me un intero anno solare senza scrivere mai il classico tema e, per quanto non mi manchi assolutamente il tornare a casa con la spalla rotta e la mano monca — risultato dello scrivere centinaia di parole a mano su carta per poi produrne addirittura una copia in bella — devo ammettere che il non dover scrivere è abbastanza triste.</description>
    </item>
    <item>
      <title>🚀 LIBERTY WINGS: un Breve RPG sulla Libertà (Recensione)</title>
      <link>/it/blog/2024-04-07-LIBERTY-WINGS-un-Breve-RPG-sulla-Libert%C3%A0-Recensione/</link>
      <pubDate>Sun, 07 Apr 2024 00:00:00 +0000</pubDate>
      <guid>/it/blog/2024-04-07-LIBERTY-WINGS-un-Breve-RPG-sulla-Libert%C3%A0-Recensione/</guid>
      <description>Proprio l&#39;altro ieri si è conclusa una game jam, cioè una competizione (online) di sviluppo di videogiochi, basata sul creare qualcosa utilizzando RPG Maker 95, una versione vecchissima della serie in questione di motori di gioco. ...Non è stata ben pubblicizzata, a quanto pare? Perché cercando sul web non trovo uno straccio di pagina di annuncio o che raccolga i lavori. Peccato.&#xA;Ad ogni modo, un creatore che seguo ha preso parte alla competizione, e quindi mi è capitato di giocare la sua creazione.</description>
    </item>
    <item>
      <title>🎇 Il resocontoctt di questo 2023, almeno in termini di posting!</title>
      <link>/it/blog/2023-12-31-Il-resocontoctt-di-questo-2023-almeno-in-termini-di-posting/</link>
      <pubDate>Sun, 31 Dec 2023 00:00:00 +0000</pubDate>
      <guid>/it/blog/2023-12-31-Il-resocontoctt-di-questo-2023-almeno-in-termini-di-posting/</guid>
      <description>Per la fine dell&#39;anno, molti fanno la lista di buoni propositi per il nuovo, mentre io a &#39;sto giro stilo la raccolta di alcune mie magagne... bentornati nel mio mondo.&#xA;Temo di dover fare anche un po&#39; di fretta con questo post, perché se uscisse la giornata del 31 non se lo cagherebbe probabilmente nessuno... almeno non prima dell&#39;anno prossimo (e detto così fa molta paura, lo so). Non avendo fatto in tempo per il 30, ecco che pubblico tardi di notte, prima di mimir.</description>
    </item>
    <item>
      <title>📎 Mollette per capelli, ridotte a colla e sassolini</title>
      <link>/it/blog/2023-09-15-Mollette-per-capelli-ridotte-a-colla-e-sassolini/</link>
      <pubDate>Fri, 15 Sep 2023 00:00:00 +0000</pubDate>
      <guid>/it/blog/2023-09-15-Mollette-per-capelli-ridotte-a-colla-e-sassolini/</guid>
      <description>Per una serie strana di ragioni, questo articolo è rimasto tra le mie bozze per più di un mese, nonostante fosse praticamente finito. Vabbè, meglio tardi che mai, buona lettura...&#xA;Dunque: in qualche modo, un giorno è misteriosamente arrivato l&#39;onomastico di mia madre, e io mi trovo dunque a volerle (doverle?) fare un regalo.&#xA;Ma che regalo fare? È sempre un casino con &#39;ste cose. Persino al casalinghi cinese, quel posto magico in cui se si fa una giravolta si scoprono cose sugli scaffali che prima non si riusciva a vedere, prima o poi, le idee regalo finiscono.</description>
    </item>
    <item>
      <title>🏖️ Recensione: Pipì nel Mare (Mar Tirreno)</title>
      <link>/it/blog/2023-08-11-%EF%B8%8F-Recensione-Pip%C3%AC-nel-Mare-Mar-Tirreno/</link>
      <pubDate>Fri, 11 Aug 2023 00:00:00 +0000</pubDate>
      <guid>/it/blog/2023-08-11-%EF%B8%8F-Recensione-Pip%C3%AC-nel-Mare-Mar-Tirreno/</guid>
      <description>Con l&#39;estate ormai al suo picco, in un ennesimo agosto estremamente caldo, è praticamente d&#39;obbligo che tutte le tradizioni della stagione siano onorate, anche quest&#39;anno.&#xA;Dove si fanno le vacanze, anche questa volta? Ma al mare, chiaramente. Secondo voi, chi è che ha più autorità in merito: tutta quella gente sconosciuta che ogni volta, quasi agendo per inerzia, risceglie puntualmente la montagna, sperando che in chissà che modo questa ennesima volta possa essere quella buona e divertente.</description>
    </item>
    <item>
      <title>☣️ Le brutture irrisolvibili della dock di Nintendo Switch (Parte I)</title>
      <link>/it/blog/2023-06-30-%EF%B8%8F-Le-brutture-irrisolvibili-della-dock-di-Nintendo-Switch-Parte-I/</link>
      <pubDate>Fri, 30 Jun 2023 00:00:00 +0000</pubDate>
      <guid>/it/blog/2023-06-30-%EF%B8%8F-Le-brutture-irrisolvibili-della-dock-di-Nintendo-Switch-Parte-I/</guid>
      <description>Nota: questo articolo avrebbe dovuto si in primo luogo illustrare i problemi della dock di Switch, ma poi continuare e terminare con lo sviluppo totale della mia soluzione alternativa. La prima parte è venuta bella lunga, però, e ho paura che possa eclissare quella veramente importante, quella della mia soluzione pericolosamente originale. Quindi, in questo articolo parlo solo delle mie rogne; quello che uscirà in seguito sarà dedicato al mio fai-da-te.</description>
    </item>
    <item>
      <title>😭 Più che un esame, ho fatto una guerra.</title>
      <link>/it/blog/2023-05-02-Pi%C3%B9-che-un-esame-ho-fatto-una-guerra./</link>
      <pubDate>Tue, 02 May 2023 00:00:00 +0000</pubDate>
      <guid>/it/blog/2023-05-02-Pi%C3%B9-che-un-esame-ho-fatto-una-guerra./</guid>
      <description>Come da titolo, è stato questo il pensiero poetico dispensato da mia madre oggi, dopo che al pomeriggio sono tornata a casa con una psiche completamente obliterata, irriconoscibile.&#xA;Fino a 30 minuti prima, maremma bona, volevo solo esplodere. Atttenzione, però: non per l&#39;esame in sé (l&#39;ultimo di una serie di extra-curriculari, precisamente), per me semplicissimo, di cui non mi importa nulla se non della certificazione!1 È successa un&#39;altra roba.</description>
    </item>
    <item>
      <title>🏴‍☠️ Che impatto avrà la nuova legge anti-pirateria italiana?</title>
      <link>/it/blog/2023-04-16-%EF%B8%8F-Che-impatto-avr%C3%A0-la-nuova-legge-anti-pirateria-italiana/</link>
      <pubDate>Sun, 16 Apr 2023 00:00:00 +0000</pubDate>
      <guid>/it/blog/2023-04-16-%EF%B8%8F-Che-impatto-avr%C3%A0-la-nuova-legge-anti-pirateria-italiana/</guid>
      <description>Alcuni lo sapranno, in Italia è stata approvata la nuova legge anti-pirateria, ed ora i dubbi con cui noi appassionati della condivisione libera dobbiamo confrontarci sono diversi:&#xA;Quando entrerà in vigore? (Spero non esattamente nel momento in cui sto scrivendo questo post 😰) Quanti soldi avranno speso le lobby dell&#39;intrattenimento per assicurarsi che la legge venisse approvata alla totale unanimità? Quali conseguenze reali porterà a noi comuni cittadini? I blocchi (istantanei e per IP) Il punto che forse più mi ha colpita della legge (qui il PDF esaminato dalla Commissione, e la relazione finale) - forse perché possiedo svariate proprietà online, totalmente personali, che hanno per me zero valore economico, ma inquantificabile valore sentimentale - è l&#39;obbligo per i fornitori di servizi Internet di rispondere a richieste di blocco istantanee.</description>
    </item>
    <item>
      <title>🔋 Tutto per non cambiare due pile...</title>
      <link>/it/blog/2023-04-03-Tutto-per-non-cambiare-due-pile.../</link>
      <pubDate>Mon, 03 Apr 2023 00:00:00 +0000</pubDate>
      <guid>/it/blog/2023-04-03-Tutto-per-non-cambiare-due-pile.../</guid>
      <description>Tra 1 e 2 mesi fa - rendetevi conto di quanto tempo è passato prima che io mi scocciassi definitivamente - le pile nel telecomando della televisione che tengo sulla mia scrivania (la uso come secondo monitor) hanno iniziato a scaricarsi oltre il limite di usabilità sopportabile.&#xA;Perché non ho fatto nulla Fino ad ora non le ho cambiate, semplicemente perché mi seccavo e mi secco, considerando che:&#xA;Ho relativamente poche batterie stilo e mini-stilo ricaricabili, e devo tenermele per la roba che davvero assorbe tanto.</description>
    </item>
    <item>
      <title>🥴 Brutta interfaccia? File tutti distrutti!</title>
      <link>/it/blog/2023-03-18-Brutta-interfaccia-File-tutti-distrutti/</link>
      <pubDate>Sat, 18 Mar 2023 00:00:00 +0000</pubDate>
      <guid>/it/blog/2023-03-18-Brutta-interfaccia-File-tutti-distrutti/</guid>
      <description>Mettiamo a confronto visivo due applicazioni per PC: GNOME Disks, e GParted.&#xA;Entrambe sono strumenti di partizionamento di dischi, e a grandi linee servono a svolgere gli stessi compiti; c&#39;è giusto qualche differenza in funzionalità extra o maggior supporto a favore di un programma o l&#39;altro. Nonostante questo, i due strumenti presentano evidenti differenze nella loro interfaccia grafica.&#xA;Bisogna avere entrambi In genere tengo installati entrambi questi due programmi, e li uso in maniera piuttosto alternata, perché:</description>
    </item>
    <item>
      <title>🤯 Quando i problemi hardware diventano mentali (maledetto Raspino)</title>
      <link>/it/blog/2023-01-28-Quando-i-problemi-hardware-diventano-mentali-maledetto-Raspino/</link>
      <pubDate>Sat, 28 Jan 2023 00:00:00 +0000</pubDate>
      <guid>/it/blog/2023-01-28-Quando-i-problemi-hardware-diventano-mentali-maledetto-Raspino/</guid>
      <description>Fino ad, ormai, 2 mesi fa, il mio regno del Rasperino era al suo splendore massimo: l&#39;istanza Misskey, messa su giusto 2 settimane prima, andava alla grande, e ormai (quasi) tutto sembrava destinato a continuare per bene...&#xA;E invece, sono subentrati i problemi. Diciamo che ci ho messo un pochino ad accorgermene, perché si sono sviluppati in modo stranamente graduale.&#xA;Le crepe iniziali La prima cosa veramente strana la notai verso l&#39;inizio di Dicembre, in cui mi accorsi che il sistema poteva crashare provando a fare un&#39;operazione molto banale ma specifica: creare un grande archivio di file (compresso e non).</description>
    </item>
    <item>
      <title>🐕‍🦺 Epicyon, piattaforma del Fediverso durata 2 giorni</title>
      <link>/it/blog/2022-12-26-Epicyon-piattaforma-del-Fediverso-durata-2-giorni/</link>
      <pubDate>Mon, 26 Dec 2022 00:00:00 +0000</pubDate>
      <guid>/it/blog/2022-12-26-Epicyon-piattaforma-del-Fediverso-durata-2-giorni/</guid>
      <description>Ormai, si sa, più passa il tempo e più finisco con l&#39;esplorare dettagli sempre più minuti del Fediverso.&#xA;Oggi racconto un po&#39; di una piattaforma di questo mondo abbastanza sconosciuta, e che aveva buone premesse, ma si è rivelata un buco nell&#39;acqua: Epicyon.&#xA;Prima di iniziare, però, vediamo in che situazione disperata ero finita.&#xA;5 settimane fa avevo finalmente installato la mia istanza di Misskey, ad oggi una piattaforma di microblogging altamente rispettabile nel panorama ActivityPub, che negli ultimi tempi sta lentamente guadagnando sempre più utenti.</description>
    </item>
    <item>
      <title>🎄 Distrazioni di Natale: l&#39;albero Padoru</title>
      <link>/it/blog/2022-12-17-Distrazioni-di-Natale-lalbero-Padoru/</link>
      <pubDate>Sat, 17 Dec 2022 00:00:00 +0000</pubDate>
      <guid>/it/blog/2022-12-17-Distrazioni-di-Natale-lalbero-Padoru/</guid>
      <description>Ahhh, ed ecco che anche quest&#39;anno siamo a Novembre. Direi che è tempo di avviare la necessaria procedura di scongelamento dei Padoru.&#xA;...No, aspetta un attimo. È GIÀ METÀ DICEMBRE?!?!?! 😐 😶 🤯&#xA;I mesi passano in fretta... e vabbè.&#xA;Cos&#39;è &#34;Padoru&#34; Per molti una questione controversa e un&#39;usanza disprezzata, quella del Padoru.&#xA;Per quelle 3 persone che vivono sotto le pietre (e che non so come potrebbero star leggendo questo blog ora, ma sorvolo): si tratta di un meme che, stando a Know Your Meme, nasce da un videogioco, Fate/EXTRA.</description>
    </item>
    <item>
      <title>⚡️ Il blogging rapido con Standard Notes</title>
      <link>/it/blog/2022-12-13-%EF%B8%8F-Il-blogging-rapido-con-Standard-Notes/</link>
      <pubDate>Tue, 13 Dec 2022 00:00:00 +0000</pubDate>
      <guid>/it/blog/2022-12-13-%EF%B8%8F-Il-blogging-rapido-con-Standard-Notes/</guid>
      <description>È da direi parecchio tempo che uso Standard Notes come app di note personali.&#xA;Anni fa l&#39;avevo scelta per il suo essere libera e open-source, ma allo stesso tempo molto pulita, curata, e funzionale. Capitava a pennello in un momento in cui cercavo qualcosa che supportasse una cifratura dei dati che funziona, senza inficiare sull&#39;usabilità.&#xA;Senza dilungarmi su perché poi mi è piaciuto continuare ad usarla, poi ho smesso, e poi ho ripreso fino ad arrivare ad ora, bisogna approfondire su una in particolare delle sue funzioni integrate: Listed.</description>
    </item>
    <item>
      <title>🎮 Storia antica del DSpacc</title>
      <link>/it/blog/2022-10-31-Storia-antica-del-DSpacc/</link>
      <pubDate>Mon, 31 Oct 2022 00:00:00 +0000</pubDate>
      <guid>/it/blog/2022-10-31-Storia-antica-del-DSpacc/</guid>
      <description>Quasi due mesi fa, un po&amp;rsquo; casualmente mi è tornato alla mente il DSpacc; prima come concetto, parlandone con gente online, e poi direttamente come l&amp;rsquo;oggettino che fieramente possiedo.&#xA;Questo mio coso ha visto la polvere, la gloria, la guerra, e la disperazione. Proprio di questo avrei dovuto parlare oggi, di cosa io abbia fatto di recente per togliere un po&amp;rsquo; di polvere e riportare così il mio dispositivo alla gloria.</description>
    </item>
    <item>
      <title>Aggiornamenti DSpacc - Tastino maledetto</title>
      <link>/it/blog/2022-10-16-Aggiornamenti-DSpacc-Tastino-maledetto/</link>
      <pubDate>Sun, 16 Oct 2022 00:00:00 +0000</pubDate>
      <guid>/it/blog/2022-10-16-Aggiornamenti-DSpacc-Tastino-maledetto/</guid>
      <description>Un mesetto fa, nel post del 18 ottobre, avevo brevemente detto che fosse il DSpacc, e che nuovo guaio avessi combinato.&#xA;Beh, stavolta ho fatto pure di peggio; per capire le proporzioni, è bene rispolverare un secondo cosa avevo scritto.&#xA;La schedina che menzionai è arrivata, la modifica software per migliorarla funziona, e io sto ancora esplorando un po&amp;rsquo; il tutto. Avrò tempo di parlare di ogni cosa in un lungo articolo, che già sto scrivendo (ma non so quanto ancora mi ci vuole).</description>
    </item>
    <item>
      <title>Nuove frontiere</title>
      <link>/it/blog/2022-09-23-Nuove-frontiere/</link>
      <pubDate>Fri, 23 Sep 2022 00:00:00 +0000</pubDate>
      <guid>/it/blog/2022-09-23-Nuove-frontiere/</guid>
      <description>Da quando qualche giorno fa l&amp;rsquo;ho scoperto. sto provando quell&amp;rsquo;epico software che è TiddlyWiki.&#xA;L&amp;rsquo;ho inizialmente trovato cercando qualcosa per organizzare note in formato ricco, da poter usare per la scuola, e che fosse ovviamente libero.&#xA;È un software di wiki, praticamente della stessa categoria di MediaWiki (il software su cui si basa Wikipedia), ma ha caratteristiche molto particolari.&#xA;Innanzitutto, non ha bisogno di un server, è una app che funziona in locale.</description>
    </item>
    <item>
      <title>Quando metto mano io spacc</title>
      <link>/it/blog/2022-09-18-Quando-metto-mano-io-spacc/</link>
      <pubDate>Sun, 18 Sep 2022 00:00:00 +0000</pubDate>
      <guid>/it/blog/2022-09-18-Quando-metto-mano-io-spacc/</guid>
      <description>Dall&amp;rsquo;altro giorno mi è, diciamo così, tornato alla mente il fatto che ho un Nintendo DSpacc nel cassetto.&#xA;Non mi vergogno ad ammettere che è in disuso, perché l&amp;rsquo;unica cosa a cui posso giocarci è Pokémon Rubino.&#xA;Ma mica perché è rimasto uno schermo solo! È perché..&#xA;Lo slot DS della console è rotto Non ho ben capito come, ma lo slot 1 si è rotto: alcuni pin sono semplicemente piegati, ma 2 sono proprio mancanti, e questi ultimi sfortunatamente sono alcuni degli importanti, non doppioni come quelli di terra.</description>
    </item>
    <item>
      <title>Che accade</title>
      <link>/it/blog/2022-09-11-Che-accade/</link>
      <pubDate>Sun, 11 Sep 2022 00:00:00 +0000</pubDate>
      <guid>/it/blog/2022-09-11-Che-accade/</guid>
      <description>Questi ultimi 7 giorni, davvero poco è stato detto o fatto qui sul sitoctt.&#xA;Ho creato questa sezione per usarla come diario generico, ma solo ora sto scrivendo qualcosa.&#xA;Innanzitutto, a me l&amp;rsquo;altro ieri è iniziata di nuovo la scuola.&#xA;È ancora troppo presto perché arrivi a rubarmi tempo di pomeriggio, ma la mattina comunque la storia è un po&amp;rsquo; quella che è. Così come anche il casino di quando si ricomincia è sempre lo stesso, con gli orari sballati e in generale ancora le vacanze per la testa.</description>
    </item>
    <item>
      <title>📈 sitoctt - Da 3 mesi fa ad oggi, l&#39;inizio e i motivi</title>
      <link>/it/blog/2022-08-26-sitoctt-Da-3-mesi-fa-ad-oggi-linizio-e-i-motivi/</link>
      <pubDate>Fri, 26 Aug 2022 00:00:00 +0000</pubDate>
      <guid>/it/blog/2022-08-26-sitoctt-Da-3-mesi-fa-ad-oggi-linizio-e-i-motivi/</guid>
      <description>Questo articolo si può probabilmente considerare come il primo di una serie sulla filosofia del sitoctt, se così vogliam dire.&#xA;Per iniziare, di cosa è meglio parlare, se non di tutto ciò che ha portato alla nascita del sito e ha iniziato a caratterizzarlo?&#xA;Quando, ormai ben 3 mesi fa, avevo iniziato appena a concepire il sitoctt, una delle cose che sentivo era di non avere un posto in cui disporre la mia roba - quella da preservare e condividere pubblicamente, almeno - in un modo che la rendesse ordinata, disponibile, guardabile, utilizzabile, e a prova di perdita.</description>
    </item>
    <item>
      <title>Gli inaspettati vantaggi della chiavetta Linux</title>
      <link>/it/blog/2022-08-13-Gli-inaspettati-vantaggi-della-chiavetta-Linux/</link>
      <pubDate>Sat, 13 Aug 2022 00:00:00 +0000</pubDate>
      <guid>/it/blog/2022-08-13-Gli-inaspettati-vantaggi-della-chiavetta-Linux/</guid>
      <description>Una cosa che ho fatto mesi fa e che, fino ad ora, si è rivelata una scelta vincente, è stata l&amp;rsquo;installare un sistema operativo basato su Linux, in modalità persistente, su una piccola pennina USB.&#xA;I motivi per cui ho voluto farlo inizialmente sono forse semplici e banali, ma la cosa mi ha fatto avere, in attenta analisi, alcuni vantaggi inaspettati e molto più che graditi.&#xA;Perché serviva la pennetta? La necessità iniziale della chiavina scaturì mesi fa dal fatto che, in aula di informatica a scuola, dovevo, come tutti, accedere al mio account GSuite per accedere alla classe virtuale di informatica.</description>
    </item>
    <item>
      <title>👾 L&#39;emulazione NDS, Google Play, e una storia oscura</title>
      <link>/it/blog/2022-07-27-Lemulazione-NDS-Google-Play-e-una-storia-oscura/</link>
      <pubDate>Wed, 27 Jul 2022 00:00:00 +0000</pubDate>
      <guid>/it/blog/2022-07-27-Lemulazione-NDS-Google-Play-e-una-storia-oscura/</guid>
      <description>Il Nintendo DS. Basta, non serve dire altro; in fondo, tra nintenditori, ci si intende.&#xA;Una console che, 15 anni fa, ha saputo innovare il mercato con lo stesso spirito con cui il Gameboy innovò a suo tempo. Una console le cui esclusive rimangono, ancora oggi, delle perle senza tempo.&#xA;Per quanto mi piacerebbe stare a tessere interminabili lodi al DS, però, oggi sono qui a parlarvi di altro.&#xA;Oggi vi parlo di emulazione, e di un&amp;rsquo;area specifica della scena dell&amp;rsquo;emulazione NDS: quella Android.</description>
    </item>
    <item>
      <title>🥸️ Come la nostra impronta digitale sociale ci frega</title>
      <link>/it/blog/2022-07-17-%EF%B8%8F-Come-la-nostra-impronta-digitale-sociale-ci-frega/</link>
      <pubDate>Sun, 17 Jul 2022 00:00:00 +0000</pubDate>
      <guid>/it/blog/2022-07-17-%EF%B8%8F-Come-la-nostra-impronta-digitale-sociale-ci-frega/</guid>
      <description>Questa storia, più pratica che mai, è secondo me incredibile.&#xA;Non solo dimostra a cosa possano arrivare le loli con troppo tempo libero, tipo me; mostra come chiunque tra noi abbia una specie di &amp;ldquo;impronta digitale sociale&amp;rdquo; che, se non adeguatamente mascherata, ci può far identificare.&#xA;Note importanti Prima di iniziare, peró, devo precisare qualche cosina.&#xA;Visto che l&amp;rsquo;unica cosa che io voglio è condividere una storia che ritengo essere interessante ed avere qualche spunto di riflessione - ed il mio hobby non è rovinare la vita alle persone - alcuni dettagli sono omessi dal racconto, mentre altri invisibilmente alterati, al fine di rispettare la privacy del soggetto della storia.</description>
    </item>
    <item>
      <title>💻 Come ho riparato il mio portatile (con 25€)</title>
      <link>/it/blog/2022-07-09-Come-ho-riparato-il-mio-portatile-con-25/</link>
      <pubDate>Sat, 09 Jul 2022 00:00:00 +0000</pubDate>
      <guid>/it/blog/2022-07-09-Come-ho-riparato-il-mio-portatile-con-25/</guid>
      <description>Da quasi 7 anni ho un PC portatile Acer, Aspire V3-572G, indubbiamente ormai un po&amp;rsquo; vetusto, senza lode e con qualche infamia.&#xA;Quando fu comprato, era in sostanza un notebook di fascia media come un altro, senza alcuna caratteristica degna di nota. Voglio dire, l&amp;rsquo;ho usato abbastanza e ha più o meno sempre fatto quello che doveva, finché circa 2 annetti fa ho iniziato a pretendere di usare giochini e strumenti di sviluppo pesanti, a quel punto il nuovo PC (fisso) è stato d&amp;rsquo;obbligo.</description>
    </item>
    <item>
      <title>⌨️ L&#39;idea di una tastiera fisica per smartphone fatta in casa</title>
      <link>/it/blog/2022-07-03-%EF%B8%8F-Lidea-di-una-tastiera-fisica-per-smartphone-fatta-in-casa/</link>
      <pubDate>Sun, 03 Jul 2022 00:00:00 +0000</pubDate>
      <guid>/it/blog/2022-07-03-%EF%B8%8F-Lidea-di-una-tastiera-fisica-per-smartphone-fatta-in-casa/</guid>
      <description>Forse un annetto fa, un po&amp;rsquo; per curiosità e un po&amp;rsquo; perché immaginavo già che potrebbe essere stato qualcosa di comodo, ho sviluppato un marginale interesse per gli smartphone dotati di tastiere fisiche complete.&#xA;Non intendo i maledetti tastierini numerici, che ancora oggi si vedono sui telefoni non-smart, intendo tastiere con decine di singoli tasti dedicati per lettere e simboli.&#xA;Questo tipo di tastiere era già raro vederlo sui telefoni precedenti all&amp;rsquo;era degli smartphone: faceva la sua comparsa innanzitutto non sui modelli ultraeconomici, ma comunque poteva non essere sempre comodissimo per via delle dimensioni ridotte.</description>
    </item>
    <item>
      <title>☀️ Rasperino Solare (ed altri esperimenti andati a male)</title>
      <link>/it/blog/2022-06-23-%EF%B8%8F-Rasperino-Solare-ed-altri-esperimenti-andati-a-male/</link>
      <pubDate>Thu, 23 Jun 2022 00:00:00 +0000</pubDate>
      <guid>/it/blog/2022-06-23-%EF%B8%8F-Rasperino-Solare-ed-altri-esperimenti-andati-a-male/</guid>
      <description>Qualche mese fa comprai un piccolo pannello solare monocristallino online, dalle dimensioni simili a quelle di un foglio A4, per la cifra di circa 20€ (su Amazon.it i venditori sono tutti ladri, su Aliexpress sarebbe costato un pochino in meno).&#xA;Dubbi elettrici Il pannellino dichiarava, nel titolo dell&amp;rsquo;inserzione, una potenza di output massima di 7.8W.&#xA;Ha come porta di uscita una USB, chiaramente massimo 5V. Sempre nei dettagli dell&amp;rsquo;inserzione, ma nelle specifiche tecniche, c&amp;rsquo;erano indicati 1A a 5V di output.</description>
    </item>
    <item>
      <title>📄 I documenti non devono diventare applicazioni</title>
      <link>/it/blog/2022-06-14-I-documenti-non-devono-diventare-applicazioni/</link>
      <pubDate>Tue, 14 Jun 2022 00:00:00 +0000</pubDate>
      <guid>/it/blog/2022-06-14-I-documenti-non-devono-diventare-applicazioni/</guid>
      <description>Il Web di oggi è indiscutibilmente molto diverso da quello di 20 anni fa, e cambia sempre di più ogni anno che passa.&#xA;Guardare i lati positivi del progresso è sempre molto facile e rassicurante, e per questo poco spesso si pensa ai lati oscuri che, in tante tante cose, ci sono. Il Web, purtroppo, è una di queste.&#xA;Che sta succedendo? Il Web dei documenti sta prendendo una brutta piega, diventando piano piano sempre più, a tutti gli effetti, Web delle app.</description>
    </item>
    <item>
      <title>🌐️ Come e perché il sitoctt su Tor?</title>
      <link>/it/blog/2022-06-03-%EF%B8%8F-Come-e-perch%C3%A9-il-sitoctt-su-Tor/</link>
      <pubDate>Fri, 03 Jun 2022 00:00:00 +0000</pubDate>
      <guid>/it/blog/2022-06-03-%EF%B8%8F-Come-e-perch%C3%A9-il-sitoctt-su-Tor/</guid>
      <description>In questi giorni ho sistemato i primi affari riguardanti il rendere disponibile il sitocto sulla rete Tor. C&amp;rsquo;è chi mi definirà esagerata anche soltanto per aver avuto il pensiero di fare una cosa del genere, ma c&amp;rsquo;è poco da fare.&#xA;Se nulla è andato storto, il servizio Onion è ancora raggiungibile a questo indirizzo: onmfrk2acl4xdeawfjg3nfepq7gcufolctmhiwwxpcknazus5bxzxhqd.onion{: style=&amp;lsquo;Color:#a060c0;&amp;rsquo; } sitoctt2fxjvx3lc2iqqef2aeulflprjaasv2xl4zi7sxxbmvjy5b5yd.onion1.&#xA;L&amp;rsquo;idea - apparentemente riuscita - è stata quella di utilizzare un servizio PaaS gratuito, Replit, per fare il tutto.</description>
    </item>
    <item>
      <title>Archivi MicroBlog di Settembre 2019</title>
      <link>/it/blog/1-01-01-Archivi-MicroBlog-di-Settembre-2019/</link>
      <pubDate>Mon, 01 Jan 0001 00:00:00 +0000</pubDate>
      <guid>/it/blog/1-01-01-Archivi-MicroBlog-di-Settembre-2019/</guid>
      <description>#### [2019-09-18 20:58] Lagwei lazur &gt; A.y&amp;#x3A; ooooo &gt; ![Foto del Huawei di A.y, che sembra emettere un laser viola dal sensore di prossimità.](https://sitoctt-assets.octt.eu.org/Media/Misc/A.y-Huawei-Laser.avif) Octt: cosa ezere quel lazur viola&#xA;Octt: i misteri del lagwei&#xA;[&amp;hellip;] {: .Center }&#xA;A.y: esere sensore di prossimità&#xA;A.y: se tu spaca vetro sopra quelo&#xA;A.y: lo so per esperienza&#xA;no non è vero&#xA;#### [2019-09-17 15:16] Test più disparati con il Galaxy Player &gt; &amp;#x3A; Good Lagsung &gt; !</description>
    </item>
  </channel>
</rss>
