<?xml version="1.0" encoding="utf-8" standalone="yes"?>
<rss version="2.0" xmlns:atom="http://www.w3.org/2005/Atom">
  <channel>
    <title>Categories on ✨sitoctt✨</title>
    <link>/es/categories/</link>
    <description>Recent content in Categories on ✨sitoctt✨</description>
    <generator>Hugo</generator>
    <language>es</language>
    <lastBuildDate>Fri, 20 Sep 2024 00:00:00 +0000</lastBuildDate>
    <atom:link href="/es/categories/index.xml" rel="self" type="application/rss+xml" />
    <item>
      <title>Juegos</title>
      <link>/es/categories/Juegos/</link>
      <pubDate>Fri, 20 Sep 2024 00:00:00 +0000</pubDate>
      <guid>/es/categories/Juegos/</guid>
      <description></description>
    </item>
    <item>
      <title>Linux</title>
      <link>/es/categories/Linux/</link>
      <pubDate>Sun, 01 Sep 2024 00:00:00 +0000</pubDate>
      <guid>/es/categories/Linux/</guid>
      <description></description>
    </item>
    <item>
      <title>Internet</title>
      <link>/es/categories/Internet/</link>
      <pubDate>Wed, 28 Aug 2024 00:00:00 +0000</pubDate>
      <guid>/es/categories/Internet/</guid>
      <description></description>
    </item>
    <item>
      <title>Meta</title>
      <link>/es/categories/Meta/</link>
      <pubDate>Sun, 25 Aug 2024 00:00:00 +0000</pubDate>
      <guid>/es/categories/Meta/</guid>
      <description></description>
    </item>
    <item>
      <title>Reseñas</title>
      <link>/es/categories/Rese%C3%B1as/</link>
      <pubDate>Sun, 07 Apr 2024 00:00:00 +0000</pubDate>
      <guid>/es/categories/Rese%C3%B1as/</guid>
      <description></description>
    </item>
    <item>
      <title>DIY</title>
      <link>/es/categories/DIY/</link>
      <pubDate>Fri, 15 Sep 2023 00:00:00 +0000</pubDate>
      <guid>/es/categories/DIY/</guid>
      <description></description>
    </item>
    <item>
      <title>Tecnología</title>
      <link>/es/categories/Tecnolog%C3%ADa/</link>
      <pubDate>Fri, 30 Jun 2023 00:00:00 +0000</pubDate>
      <guid>/es/categories/Tecnolog%C3%ADa/</guid>
      <description></description>
    </item>
    <item>
      <title>Administrador De Sistemas</title>
      <link>/es/categories/Administrador-de-sistemas/</link>
      <pubDate>Sat, 18 Mar 2023 00:00:00 +0000</pubDate>
      <guid>/es/categories/Administrador-de-sistemas/</guid>
      <description></description>
    </item>
    <item>
      <title>Rasperino</title>
      <link>/es/categories/Rasperino/</link>
      <pubDate>Sat, 28 Jan 2023 00:00:00 +0000</pubDate>
      <guid>/es/categories/Rasperino/</guid>
      <description></description>
    </item>
    <item>
      <title>📒 MicroBlogs antiguos</title>
      <link>/es/categories/MicroBlog/</link>
      <pubDate>Sun, 16 Oct 2022 00:00:00 +0000</pubDate>
      <guid>/es/categories/MicroBlog/</guid>
      <description>Precaución&#xA;El contenido de esta página ha sido íntegramente traducido por máquina al español, a partir de Italiano. Por lo tanto, puede contener errores de cualquier tipo.&#xA;Como se anuncia en el artículo &amp;ldquo;🎇 El reportaje de este 2023, ¡al menos en términos de publicaciones!&amp;rdquo;, el antiguo MicroBlog ahora está obsoleto y ya no se actualizará. Lo que sigue es el archivo de contenido antiguo, que seguirá siendo legible. Las nuevas publicaciones se publicarán luego en el Nuevo MicroBlog Unificado, accesible desde el menú del sitio.</description>
    </item>
    <item>
      <title>Móviles</title>
      <link>/es/categories/M%C3%B3viles/</link>
      <pubDate>Wed, 27 Jul 2022 00:00:00 +0000</pubDate>
      <guid>/es/categories/M%C3%B3viles/</guid>
      <description></description>
    </item>
    <item>
      <title>Bricolaje</title>
      <link>/es/categories/Bricolaje/</link>
      <pubDate>Sat, 09 Jul 2022 00:00:00 +0000</pubDate>
      <guid>/es/categories/Bricolaje/</guid>
      <description></description>
    </item>
    <item>
      <title>Ecología</title>
      <link>/es/categories/Ecolog%C3%ADa/</link>
      <pubDate>Sat, 09 Jul 2022 00:00:00 +0000</pubDate>
      <guid>/es/categories/Ecolog%C3%ADa/</guid>
      <description></description>
    </item>
    <item>
      <title>Móvil</title>
      <link>/es/categories/M%C3%B3vil/</link>
      <pubDate>Sun, 03 Jul 2022 00:00:00 +0000</pubDate>
      <guid>/es/categories/M%C3%B3vil/</guid>
      <description></description>
    </item>
    <item>
      <title>Frito-Mixto</title>
      <link>/es/categories/Frito-Mixto/</link>
      <pubDate>Mon, 01 Jan 0001 00:00:00 +0000</pubDate>
      <guid>/es/categories/Frito-Mixto/</guid>
      <description></description>
    </item>
  </channel>
</rss>
