<?xml version="1.0" encoding="utf-8" standalone="yes"?>
<rss version="2.0" xmlns:atom="http://www.w3.org/2005/Atom">
  <channel>
    <title>Critiques on ✨sitoctt✨</title>
    <link>/fr/categories/Critiques/</link>
    <description>Recent content in Critiques on ✨sitoctt✨</description>
    <generator>Hugo</generator>
    <language>fr</language>
    <lastBuildDate>Sun, 07 Apr 2024 00:00:00 +0000</lastBuildDate>
    <atom:link href="/fr/categories/Critiques/index.xml" rel="self" type="application/rss+xml" />
    <item>
      <title>🚀 LIBERTY WINGS : un court RPG sur la liberté (Critique)</title>
      <link>/fr/blog/2024-04-07-LIBERTY-WINGS-un-court-RPG-sur-la-libert%C3%A9-Critique/</link>
      <pubDate>Sun, 07 Apr 2024 00:00:00 +0000</pubDate>
      <guid>/fr/blog/2024-04-07-LIBERTY-WINGS-un-court-RPG-sur-la-libert%C3%A9-Critique/</guid>
      <description>Prudence&#xA;Le contenu de cette page a été entièrement et automatiquement traduit en français, à partir de Italiano. Il peut donc contenir toutes sortes d&amp;rsquo;erreurs.&#xA;Avant-hier, un game jam s&#39;est terminé, c&#39;est-à-dire un concours de développement de jeux vidéo (en ligne) basé sur la création de quelque chose à l&#39;aide de RPG Maker 95, une très ancienne version de la série en question. .moteurs de jeu. ... Cela n&#39;a pas été très médiatisé, semble-t-il ?</description>
    </item>
  </channel>
</rss>
