<?xml version="1.0" encoding="utf-8" standalone="yes"?>
<rss version="2.0" xmlns:atom="http://www.w3.org/2005/Atom">
  <channel>
    <title>Ecologie on ✨sitoctt✨</title>
    <link>/fr/categories/Ecologie/</link>
    <description>Recent content in Ecologie on ✨sitoctt✨</description>
    <generator>Hugo</generator>
    <language>fr</language>
    <lastBuildDate>Sat, 09 Jul 2022 00:00:00 +0000</lastBuildDate>
    <atom:link href="/fr/categories/Ecologie/index.xml" rel="self" type="application/rss+xml" />
    <item>
      <title>💻 Comment j&#39;ai réparé mon ordinateur portable (avec 25 €)</title>
      <link>/fr/blog/2022-07-09-Comment-jai-r%C3%A9par%C3%A9-mon-ordinateur-portable-avec-25/</link>
      <pubDate>Sat, 09 Jul 2022 00:00:00 +0000</pubDate>
      <guid>/fr/blog/2022-07-09-Comment-jai-r%C3%A9par%C3%A9-mon-ordinateur-portable-avec-25/</guid>
      <description>Prudence&#xA;Le contenu de cette page a été entièrement et automatiquement traduit en français, à partir de Italiano. Il peut donc contenir toutes sortes d&amp;rsquo;erreurs.&#xA;Depuis presque 7 ans, j&amp;rsquo;ai un ordinateur portable Acer, Aspire V3-572G, sans doute maintenant un peu vieux, sans louange et avec une certaine infamie.&#xA;Lors de son achat, il s’agissait essentiellement d’un ordinateur portable de milieu de gamme comme les autres, sans fonctionnalités notables. Je veux dire, je l&amp;rsquo;ai pas mal utilisé et il a plus ou moins toujours fait ce qu&amp;rsquo;il était censé faire, jusqu&amp;rsquo;à il y a environ 2 ans, j&amp;rsquo;ai commencé à exiger d&amp;rsquo;utiliser des jeux lourds et des outils de développement, à ce moment-là, le nouveau PC (de bureau) était génial.</description>
    </item>
    <item>
      <title>☀️ Rasperino Solare (et autres expériences qui ont mal tourné)</title>
      <link>/fr/blog/2022-06-23-%EF%B8%8F-Rasperino-Solare-et-autres-exp%C3%A9riences-qui-ont-mal-tourn%C3%A9/</link>
      <pubDate>Thu, 23 Jun 2022 00:00:00 +0000</pubDate>
      <guid>/fr/blog/2022-06-23-%EF%B8%8F-Rasperino-Solare-et-autres-exp%C3%A9riences-qui-ont-mal-tourn%C3%A9/</guid>
      <description>Prudence&#xA;Le contenu de cette page a été entièrement et automatiquement traduit en français, à partir de Italiano. Il peut donc contenir toutes sortes d&amp;rsquo;erreurs.&#xA;Il y a quelques mois, j&amp;rsquo;ai acheté en ligne un petit panneau solaire monocristallin, avec des dimensions similaires à celles d&amp;rsquo;une feuille A4, pour le chiffre d&amp;rsquo;environ 20 € (sur Amazon.it les vendeurs sont tous des voleurs, sur Aliexpress cela aurait coûté un peu moins cher).</description>
    </item>
  </channel>
</rss>
