<?xml version="1.0" encoding="utf-8" standalone="yes"?>
<rss version="2.0" xmlns:atom="http://www.w3.org/2005/Atom">
  <channel>
    <title>Méta on ✨sitoctt✨</title>
    <link>/fr/categories/M%C3%A9ta/</link>
    <description>Recent content in Méta on ✨sitoctt✨</description>
    <generator>Hugo</generator>
    <language>fr</language>
    <lastBuildDate>Sun, 25 Aug 2024 00:00:00 +0000</lastBuildDate>
    <atom:link href="/fr/categories/M%C3%A9ta/index.xml" rel="self" type="application/rss+xml" />
    <item>
      <title>Sur place</title>
      <link>/fr/miscellanea/Sur-place/</link>
      <pubDate>Sun, 25 Aug 2024 00:00:00 +0000</pubDate>
      <guid>/fr/miscellanea/Sur-place/</guid>
      <description>Prudence&#xA;Le contenu de cette page a été entièrement et automatiquement traduit en français, à partir de Italiano. Il peut donc contenir toutes sortes d&amp;rsquo;erreurs.&#xA;Ici, c&amp;rsquo;était initialement la page d&amp;rsquo;accueil du site, mais elle est devenue si problématiquement longue que&amp;hellip; qu&amp;rsquo;à cela ne tienne, tout est expliqué sur la nouvelle maison. Voici donc la série classique d&amp;rsquo;informations libres concernant le ✨sitoctt✨ (certaines anciennes, elles seront mises à jour en fonction des nouveautés) !</description>
    </item>
    <item>
      <title>💰 Dons</title>
      <link>/fr/miscellanea/Dons/</link>
      <pubDate>Sat, 12 Nov 2022 00:00:00 +0000</pubDate>
      <guid>/fr/miscellanea/Dons/</guid>
      <description>Prudence&#xA;Le contenu de cette page a été entièrement et automatiquement traduit en français, à partir de Italiano. Il peut donc contenir toutes sortes d&amp;rsquo;erreurs.&#xA;Ils m&amp;rsquo;ont dit que je devrais faire du bénéfice le site.&#xA;En fait, si vous y réfléchissez, ils ont raison, mais&amp;hellip; il y a un mais.&#xA;Comme je ne peux pas, pour des raisons évidentes de décence humaine, mettre de la publicité, des trackers divers ou des cryptomineurs sur le site, j&amp;rsquo;opte pour quelque chose de moins invasif : cette page.</description>
    </item>
  </channel>
</rss>
