<?xml version="1.0" encoding="utf-8" standalone="yes"?>
<rss version="2.0" xmlns:atom="http://www.w3.org/2005/Atom">
  <channel>
    <title>Juegos on ✨sitoctt✨</title>
    <link>/es/categories/Juegos/</link>
    <description>Recent content in Juegos on ✨sitoctt✨</description>
    <generator>Hugo</generator>
    <language>es</language>
    <lastBuildDate>Sun, 07 Apr 2024 00:00:00 +0000</lastBuildDate>
    <atom:link href="/es/categories/Juegos/index.xml" rel="self" type="application/rss+xml" />
    <item>
      <title>🚀 LIBERTY WINGS: un breve juego de rol sobre la libertad (revisión)</title>
      <link>/es/blog/2024-04-07-LIBERTY-WINGS-un-breve-juego-de-rol-sobre-la-libertad-revisi%C3%B3n/</link>
      <pubDate>Sun, 07 Apr 2024 00:00:00 +0000</pubDate>
      <guid>/es/blog/2024-04-07-LIBERTY-WINGS-un-breve-juego-de-rol-sobre-la-libertad-revisi%C3%B3n/</guid>
      <description>Precaución&#xA;El contenido de esta página ha sido íntegramente traducido por máquina al español, a partir de Italiano. Por lo tanto, puede contener errores de cualquier tipo.&#xA;Precisamente anteayer finalizó un game jam, es decir, una competición (online) de desarrollo de videojuegos, basada en la creación de algo utilizando RPG Maker 95, una versión muy antigua de la serie de motores de juego en cuestión. &amp;hellip; ¿Parece que no fue bien publicitado?</description>
    </item>
    <item>
      <title>2️⃣ Juegos sincronizados entre PlayStation 2 y teléfono inteligente</title>
      <link>/es/note/2023-10-17-2%EF%B8%8F%E2%83%A3-Juegos-sincronizados-entre-PlayStation-2-y-tel%C3%A9fono-inteligente/</link>
      <pubDate>Tue, 17 Oct 2023 00:00:00 +0000</pubDate>
      <guid>/es/note/2023-10-17-2%EF%B8%8F%E2%83%A3-Juegos-sincronizados-entre-PlayStation-2-y-tel%C3%A9fono-inteligente/</guid>
      <description>Precaución&#xA;El contenido de esta página ha sido íntegramente traducido por máquina al español, a partir de Italiano. Por lo tanto, puede contener errores de cualquier tipo.&#xA;Quienes han seguido mis aventuras durante bastante tiempo y con la debida atención quizás lo sepan, pero el mayor problema en TI es: cómo conciliar adecuadamente las discrepancias que se crean cuando surge el problema de jugar videojuegos tanto en casa como en una computadora portátil.</description>
    </item>
    <item>
      <title>☣️ La fealdad irresoluble del dock de Nintendo Switch (Parte I)</title>
      <link>/es/blog/2023-06-30-%EF%B8%8F-La-fealdad-irresoluble-del-dock-de-Nintendo-Switch-Parte-I/</link>
      <pubDate>Fri, 30 Jun 2023 00:00:00 +0000</pubDate>
      <guid>/es/blog/2023-06-30-%EF%B8%8F-La-fealdad-irresoluble-del-dock-de-Nintendo-Switch-Parte-I/</guid>
      <description>Precaución&#xA;El contenido de esta página ha sido íntegramente traducido por máquina al español, a partir de Italiano. Por lo tanto, puede contener errores de cualquier tipo.&#xA;Nota: Este artículo debería haber ilustrado primero los problemas con la base Switch, pero luego continuó y terminó con el desarrollo total de mi alternativa. solución. La primera parte fue bastante larga, sin embargo, y temo que pueda eclipsar la parte realmente importante, la de mi solución peligrosamente original.</description>
    </item>
    <item>
      <title>⛏️ Minecraft</title>
      <link>/es/miscellanea/raccolta-videogiochi/%EF%B8%8F-Minecraft/</link>
      <pubDate>Sat, 01 Apr 2023 00:00:00 +0000</pubDate>
      <guid>/es/miscellanea/raccolta-videogiochi/%EF%B8%8F-Minecraft/</guid>
      <description>Precaución&#xA;El contenido de esta página ha sido íntegramente traducido por máquina al español, a partir de Italiano. Por lo tanto, puede contener errores de cualquier tipo.&#xA;Creo que Minecraft se puede definir como el juego moderno (para bien o para mal) que desarrolla una complejidad potencialmente infinita a partir de premisas simples. En el buen sentido, obviamente: la complejidad impresiona y recompensa a quienes la buscan, pero el título sigue siendo jugable para cualquiera.</description>
    </item>
    <item>
      <title>🏃‍♀️ El borde del espejo</title>
      <link>/es/miscellanea/raccolta-videogiochi/%EF%B8%8F-El-borde-del-espejo/</link>
      <pubDate>Sat, 01 Apr 2023 00:00:00 +0000</pubDate>
      <guid>/es/miscellanea/raccolta-videogiochi/%EF%B8%8F-El-borde-del-espejo/</guid>
      <description>Precaución&#xA;El contenido de esta página ha sido íntegramente traducido por máquina al español, a partir de Italiano. Por lo tanto, puede contener errores de cualquier tipo.&#xA;https://youtu.be/2N1TJP1cxmo La mejor manera de describir Mirror&amp;rsquo;s Edge es decir que es un juego en constante movimiento. Literalmente, de pie en el borde del espejo, los bordes del enorme cristal del que están hechos los edificios de La Città, uno corre y salta sin frenos.</description>
    </item>
    <item>
      <title>💣 Buscaminas</title>
      <link>/es/miscellanea/raccolta-videogiochi/Buscaminas/</link>
      <pubDate>Tue, 28 Mar 2023 00:00:00 +0000</pubDate>
      <guid>/es/miscellanea/raccolta-videogiochi/Buscaminas/</guid>
      <description>Precaución&#xA;El contenido de esta página ha sido íntegramente traducido por máquina al español, a partir de Italiano. Por lo tanto, puede contener errores de cualquier tipo.&#xA;/* */#Cuerpo { Color: #000000; Antecedentes: #C0C0C0; }&#xA;/* */#Fondo { Color de fondo: #C0C0C0; Imagen de fondo: /linear-gradient(rgba(0, 0, 0, 0.5), rgba(0, 0, 0, 0.5)),/ url(&amp;lsquo;https://sitoctt-assets.octt.eu.org/Media/Buscaminas/ Ventana XP-www.techradar.com.webp&amp;rsquo;); Filtro: Desenfoque (5px); }&#xA;/**/#LeftBoxContainer, #RightBoxContainer { Color: #000000; }&#xA;/* */#Cuadro Principal { Antecedentes: RGBA(192, 192, 192, 0,80); Filtro de fondo: Desenfoque (5px); } En Buscaminas (en italiano oficialmente &amp;ldquo;Minefield&amp;rdquo;) tienes una cuadrícula de juego en la que se han colocado bombas aleatoriamente (mediante un algoritmo).</description>
    </item>
    <item>
      <title>🔢️ 2048</title>
      <link>/es/miscellanea/raccolta-videogiochi/%EF%B8%8F-2048/</link>
      <pubDate>Sun, 26 Mar 2023 00:00:00 +0000</pubDate>
      <guid>/es/miscellanea/raccolta-videogiochi/%EF%B8%8F-2048/</guid>
      <description>Precaución&#xA;El contenido de esta página ha sido íntegramente traducido por máquina al español, a partir de Italiano. Por lo tanto, puede contener errores de cualquier tipo.&#xA;/* */#Cuerpo { Color: #FFFFFF; Antecedentes: #000000; }&#xA;/* */#Fondo { Color de fondo: #000000; Imagen de fondo: url(&amp;lsquo;https://sitoctt-assets.octt.eu.org/Media/2048/yandex.com-games-app-176908.jpg&amp;rsquo;); Filtro: Desenfoque (5px); }&#xA;//#LeftBoxContainer, #RightBoxContainer { Color: #FFFFFF; } //#MainBoxTop, #BuildTimeLine { Color: revertir; }&#xA;h1, h2, h3, h4, h5, h6 {color: #e090e0; }</description>
    </item>
    <item>
      <title>#️⃣️ Nonograma</title>
      <link>/es/miscellanea/raccolta-videogiochi/%23%EF%B8%8F%E2%83%A3%EF%B8%8F-Nonograma/</link>
      <pubDate>Wed, 22 Mar 2023 00:00:00 +0000</pubDate>
      <guid>/es/miscellanea/raccolta-videogiochi/%23%EF%B8%8F%E2%83%A3%EF%B8%8F-Nonograma/</guid>
      <description>Precaución&#xA;El contenido de esta página ha sido íntegramente traducido por máquina al español, a partir de Italiano. Por lo tanto, puede contener errores de cualquier tipo.&#xA;/* */#Cuerpo { Color: #000000; Antecedentes: #CCF; }&#xA;/* */#Fondo { Color de fondo: #CCF; Imagen de fondo: url(&amp;lsquo;https://sitoctt-assets.octt.eu.org/Media/Nonogram/stock.adobe.com-323111281.jpg&amp;rsquo;); Filtro: Desenfoque (5px); }&#xA;/**/#LeftBoxContainer, #RightBoxContainer { Color: #000000; } /* */#Cuadro Principal { Antecedentes: RGBA (204, 204, 255, 0,80); filtro de fondo: Desenfoque (5px); } Nonogram (también conocido como Picross, Crucipixel y una veintena de nombres más) son rompecabezas que consisten en rellenar una cuadrícula de cuadrados para revelar una imagen, utilizando los números de los lados.</description>
    </item>
    <item>
      <title>🕹️ Colección de videojuegos</title>
      <link>/es/miscellanea/raccolta-videogiochi/</link>
      <pubDate>Wed, 01 Feb 2023 00:00:00 +0000</pubDate>
      <guid>/es/miscellanea/raccolta-videogiochi/</guid>
      <description>Precaución&#xA;El contenido de esta página ha sido íntegramente traducido por máquina al español, a partir de Italiano. Por lo tanto, puede contener errores de cualquier tipo.&#xA;¿Por qué no hacer una colección para hablar, brevemente, sobre los videojuegos que aprecio? Quizás, logrando destacar alguna experiencia de juego medio desconocida que, sin embargo, debería merecer mucho más. Y no se puede excluir que en el futuro, al encontrar inspiración, pueda tomar y escribir artículos largos y en profundidad sobre algunos de los juegos que siempre elogio brevemente aquí, para empezar.</description>
    </item>
    <item>
      <title>👾 Emulación NDS, Google Play y una historia oscura</title>
      <link>/es/blog/2022-07-27-Emulaci%C3%B3n-NDS-Google-Play-y-una-historia-oscura/</link>
      <pubDate>Wed, 27 Jul 2022 00:00:00 +0000</pubDate>
      <guid>/es/blog/2022-07-27-Emulaci%C3%B3n-NDS-Google-Play-y-una-historia-oscura/</guid>
      <description>Precaución&#xA;El contenido de esta página ha sido íntegramente traducido por máquina al español, a partir de Italiano. Por lo tanto, puede contener errores de cualquier tipo.&#xA;La Nintendo DS. Basta, no hace falta decir nada más; después de todo, entre los conocedores nos entendemos. Una consola que, hace 15 años, supo innovar el mercado con el mismo espíritu con el que innovó la Gameboy en su momento. Una consola cuyas exclusivas siguen siendo, aún hoy, perlas atemporales.</description>
    </item>
  </channel>
</rss>
