<?xml version="1.0" encoding="utf-8" standalone="yes"?>
<rss version="2.0" xmlns:atom="http://www.w3.org/2005/Atom">
  <channel>
    <title>Jeux on ✨sitoctt✨</title>
    <link>/fr/categories/Jeux/</link>
    <description>Recent content in Jeux on ✨sitoctt✨</description>
    <generator>Hugo</generator>
    <language>fr</language>
    <lastBuildDate>Fri, 20 Sep 2024 00:00:00 +0000</lastBuildDate>
    <atom:link href="/fr/categories/Jeux/index.xml" rel="self" type="application/rss+xml" />
    <item>
      <title>🕹️ Collection de jeux vidéo</title>
      <link>/fr/miscellanea/raccolta-videogiochi/</link>
      <pubDate>Fri, 20 Sep 2024 00:00:00 +0000</pubDate>
      <guid>/fr/miscellanea/raccolta-videogiochi/</guid>
      <description>Prudence&#xA;Le contenu de cette page a été entièrement et automatiquement traduit en français, à partir de Italiano. Il peut donc contenir toutes sortes d&amp;rsquo;erreurs.&#xA;Pourquoi ne pas faire un recueil pour parler, brièvement, des jeux vidéo que j&amp;rsquo;apprécie ? Peut-être réussir à mettre en lumière une expérience de jeu à moitié méconnue qui mériterait pourtant bien plus. Et il ne peut être exclu qu&amp;rsquo;à l&amp;rsquo;avenir, en trouvant l&amp;rsquo;inspiration, je puisse prendre et écrire des articles longs et approfondis sur certains des jeux que je loue toujours brièvement ici, pour commencer.</description>
    </item>
    <item>
      <title>🚀 LIBERTY WINGS : un court RPG sur la liberté (Critique)</title>
      <link>/fr/blog/2024-04-07-LIBERTY-WINGS-un-court-RPG-sur-la-libert%C3%A9-Critique/</link>
      <pubDate>Sun, 07 Apr 2024 00:00:00 +0000</pubDate>
      <guid>/fr/blog/2024-04-07-LIBERTY-WINGS-un-court-RPG-sur-la-libert%C3%A9-Critique/</guid>
      <description>Prudence&#xA;Le contenu de cette page a été entièrement et automatiquement traduit en français, à partir de Italiano. Il peut donc contenir toutes sortes d&amp;rsquo;erreurs.&#xA;Avant-hier, un game jam s&#39;est terminé, c&#39;est-à-dire un concours de développement de jeux vidéo (en ligne) basé sur la création de quelque chose à l&#39;aide de RPG Maker 95, une très ancienne version de la série en question. .moteurs de jeu. ... Cela n&#39;a pas été très médiatisé, semble-t-il ?</description>
    </item>
    <item>
      <title>2️⃣ Gaming synchronisé entre PlayStation 2 et smartphone</title>
      <link>/fr/note/2023-10-17-2%EF%B8%8F%E2%83%A3-Gaming-synchronis%C3%A9-entre-PlayStation-2-et-smartphone/</link>
      <pubDate>Tue, 17 Oct 2023 00:00:00 +0000</pubDate>
      <guid>/fr/note/2023-10-17-2%EF%B8%8F%E2%83%A3-Gaming-synchronis%C3%A9-entre-PlayStation-2-et-smartphone/</guid>
      <description>Prudence&#xA;Le contenu de cette page a été entièrement et automatiquement traduit en français, à partir de Italiano. Il peut donc contenir toutes sortes d&amp;rsquo;erreurs.&#xA;Ceux qui suivent mes aventures depuis assez longtemps et avec l&#39;attention voulue le savent peut-être, mais le plus gros problème de l&#39;informatique est : comment concilier correctement les divergences qui se créent lorsque nous sommes confrontés au problème de jouer à des jeux vidéo à la fois à la maison qu&#39;en portabilité ?</description>
    </item>
    <item>
      <title>☣️ La laideur insoluble du dock Nintendo Switch (Partie I)</title>
      <link>/fr/blog/2023-06-30-%EF%B8%8F-La-laideur-insoluble-du-dock-Nintendo-Switch-Partie-I/</link>
      <pubDate>Fri, 30 Jun 2023 00:00:00 +0000</pubDate>
      <guid>/fr/blog/2023-06-30-%EF%B8%8F-La-laideur-insoluble-du-dock-Nintendo-Switch-Partie-I/</guid>
      <description>Prudence&#xA;Le contenu de cette page a été entièrement et automatiquement traduit en français, à partir de Italiano. Il peut donc contenir toutes sortes d&amp;rsquo;erreurs.&#xA;Remarque : Cet article aurait dû d&#39;abord expliquer les problèmes de la station d&#39;accueil Switch, puis a continué et s&#39;est terminé par &gt;le développement total de mon solution alternative. La première partie était cependant assez longue et j&#39;ai peur qu&#39;elle éclipse la partie vraiment importante, celle de ma solution dangereusement originale.</description>
    </item>
    <item>
      <title>⛏️ Minecraft</title>
      <link>/fr/miscellanea/raccolta-videogiochi/%EF%B8%8F-Minecraft/</link>
      <pubDate>Sat, 01 Apr 2023 00:00:00 +0000</pubDate>
      <guid>/fr/miscellanea/raccolta-videogiochi/%EF%B8%8F-Minecraft/</guid>
      <description>Prudence&#xA;Le contenu de cette page a été entièrement et automatiquement traduit en français, à partir de Italiano. Il peut donc contenir toutes sortes d&amp;rsquo;erreurs.&#xA;Je crois que Minecraft peut être défini comme le jeu moderne (pour le meilleur ou pour le pire) qui développe une complexité potentiellement infinie à partir de prémisses simples. Dans le bon sens, évidemment : la complexité impressionne et récompense ceux qui la recherchent, mais le titre reste jouable pour tous.</description>
    </item>
    <item>
      <title>🏃‍♀️ Mirror&#39;s Edge</title>
      <link>/fr/miscellanea/raccolta-videogiochi/%EF%B8%8F-Mirrors-Edge/</link>
      <pubDate>Sat, 01 Apr 2023 00:00:00 +0000</pubDate>
      <guid>/fr/miscellanea/raccolta-videogiochi/%EF%B8%8F-Mirrors-Edge/</guid>
      <description>Prudence&#xA;Le contenu de cette page a été entièrement et automatiquement traduit en français, à partir de Italiano. Il peut donc contenir toutes sortes d&amp;rsquo;erreurs.&#xA;https://youtu.be/2N1TJP1cxmo La meilleure façon de décrire Mirror&amp;rsquo;s Edge est de dire que c&amp;rsquo;est un jeu en mouvement constant. Littéralement debout au bord du miroir, les bords de l&amp;rsquo;énorme verre dont sont faits les bâtiments de La Città, on court et saute sans aucun frein.</description>
    </item>
    <item>
      <title>💣 Démineur</title>
      <link>/fr/miscellanea/raccolta-videogiochi/D%C3%A9mineur/</link>
      <pubDate>Tue, 28 Mar 2023 00:00:00 +0000</pubDate>
      <guid>/fr/miscellanea/raccolta-videogiochi/D%C3%A9mineur/</guid>
      <description>Prudence&#xA;Le contenu de cette page a été entièrement et automatiquement traduit en français, à partir de Italiano. Il peut donc contenir toutes sortes d&amp;rsquo;erreurs.&#xA;Dans Démineur (en italien officiellement &amp;ldquo;Minefield&amp;rdquo;) vous disposez d&amp;rsquo;une grille de jeu dans laquelle des bombes ont été placées aléatoirement (par un algorithme). Pour gagner, vous devez tous les localiser sans en faire exploser aucun.&#xA;Les règles sont simples, mais le jeu atteint facilement des niveaux élevés de complexité et possède un je-ne-sais-quoi dont vous ne pouvez pas vous passer.</description>
    </item>
    <item>
      <title>🔢️ 2048</title>
      <link>/fr/miscellanea/raccolta-videogiochi/%EF%B8%8F-2048/</link>
      <pubDate>Sun, 26 Mar 2023 00:00:00 +0000</pubDate>
      <guid>/fr/miscellanea/raccolta-videogiochi/%EF%B8%8F-2048/</guid>
      <description>Prudence&#xA;Le contenu de cette page a été entièrement et automatiquement traduit en français, à partir de Italiano. Il peut donc contenir toutes sortes d&amp;rsquo;erreurs.&#xA;2048 est un jeu de réflexion simple dans lequel vous disposez d&amp;rsquo;une grille de tuiles numérotées générées aléatoirement que vous pouvez faire glisser entièrement dans l&amp;rsquo;une des quatre directions. Tous les nombres sont des puissances de 2, et les nombres égaux qui entrent en collision s’additionnent pour devenir leur double.</description>
    </item>
    <item>
      <title>#️⃣️ Nonogramme</title>
      <link>/fr/miscellanea/raccolta-videogiochi/%23%EF%B8%8F%E2%83%A3%EF%B8%8F-Nonogramme/</link>
      <pubDate>Wed, 22 Mar 2023 00:00:00 +0000</pubDate>
      <guid>/fr/miscellanea/raccolta-videogiochi/%23%EF%B8%8F%E2%83%A3%EF%B8%8F-Nonogramme/</guid>
      <description>Prudence&#xA;Le contenu de cette page a été entièrement et automatiquement traduit en français, à partir de Italiano. Il peut donc contenir toutes sortes d&amp;rsquo;erreurs.&#xA;Les Nonogram (aussi appelés Picross, Crucipixel, et une vingtaine d&amp;rsquo;autres noms) sont des puzzles qui consistent à remplir une grille de carrés afin de faire apparaître une image, à l&amp;rsquo;aide des chiffres sur les côtés. de la feuille pour trouver les intersections entre les lignes et les colonnes.</description>
    </item>
    <item>
      <title>🎮 Histoire ancienne de DSpacc</title>
      <link>/fr/blog/2022-10-31-Histoire-ancienne-de-DSpacc/</link>
      <pubDate>Mon, 31 Oct 2022 00:00:00 +0000</pubDate>
      <guid>/fr/blog/2022-10-31-Histoire-ancienne-de-DSpacc/</guid>
      <description>Prudence&#xA;Le contenu de cette page a été entièrement et automatiquement traduit en français, à partir de Italiano. Il peut donc contenir toutes sortes d&amp;rsquo;erreurs.&#xA;Il y a presque deux mois, le DSpacc m&amp;rsquo;est venu à l&amp;rsquo;esprit un peu par hasard ; d&amp;rsquo;abord comme concept, j&amp;rsquo;en parle avec des gens en ligne, puis directement comme petit objet que je possède fièrement.&#xA;Cette chose à moi a vu de la poussière, de la gloire, de la guerre et du désespoir.</description>
    </item>
    <item>
      <title>👾 Émulation NDS, Google Play et un sombre historique</title>
      <link>/fr/blog/2022-07-27-%C3%89mulation-NDS-Google-Play-et-un-sombre-historique/</link>
      <pubDate>Wed, 27 Jul 2022 00:00:00 +0000</pubDate>
      <guid>/fr/blog/2022-07-27-%C3%89mulation-NDS-Google-Play-et-un-sombre-historique/</guid>
      <description>Prudence&#xA;Le contenu de cette page a été entièrement et automatiquement traduit en français, à partir de Italiano. Il peut donc contenir toutes sortes d&amp;rsquo;erreurs.&#xA;La Nintendo DS. Assez, il n&amp;rsquo;est pas nécessaire de dire autre chose ; après tout, entre connaisseurs, on se comprend. Une console qui, il y a 15 ans, a su innover sur le marché avec le même esprit avec lequel la Gameboy innovait à son époque.</description>
    </item>
  </channel>
</rss>
