<?xml version="1.0" encoding="utf-8" standalone="yes"?>
<rss version="2.0" xmlns:atom="http://www.w3.org/2005/Atom">
  <channel>
    <title>Frito-Mixto on ✨sitoctt✨</title>
    <link>/es/categories/Frito-Mixto/</link>
    <description>Recent content in Frito-Mixto on ✨sitoctt✨</description>
    <generator>Hugo</generator>
    <language>es</language>
    <atom:link href="/es/categories/Frito-Mixto/index.xml" rel="self" type="application/rss+xml" />
    <item>
      <title>🎶 Colección de música</title>
      <link>/es/miscellanea/Colecci%C3%B3n-de-m%C3%BAsica/</link>
      <pubDate>Mon, 01 Jan 0001 00:00:00 +0000</pubDate>
      <guid>/es/miscellanea/Colecci%C3%B3n-de-m%C3%BAsica/</guid>
      <description>Precaución&#xA;El contenido de esta página ha sido íntegramente traducido por máquina al español, a partir de Italiano. Por lo tanto, puede contener errores de cualquier tipo.&#xA;Bajo construcción&amp;hellip;&#xA;Macross 82-99&#xA;Principalmente música del género Future-Funk, un subgénero del vaporwave con un tono más rítmico y agradable. Cada álbum tiene temas sonoros diferentes, con referencias a la cultura pop japonesa de los años 80 y 90. Más o menos todas sus canciones consiguen ser muy tranquilas y relajantes.</description>
    </item>
    <item>
      <title>Colección de cosas aleatorias</title>
      <link>/es/miscellanea/Colecci%C3%B3n-de-cosas-aleatorias/</link>
      <pubDate>Mon, 01 Jan 0001 00:00:00 +0000</pubDate>
      <guid>/es/miscellanea/Colecci%C3%B3n-de-cosas-aleatorias/</guid>
      <description>Precaución&#xA;El contenido de esta página ha sido íntegramente traducido por máquina al español, a partir de Italiano. Por lo tanto, puede contener errores de cualquier tipo.&#xA;Esto es literalmente una colección de cosas aleatorias que se encuentran en Internet o en archivos extraños en mi PC. No espere que haya un contexto comprensible para nada de esto&amp;hellip;&#xA;La Miseria (Origen y Licencia del vídeo: Desconocido)&#xA;[2019-10-28 10:26] APKPure, una tienda de aplicaciones de Android, integra funciones sociales por alguna razón.</description>
    </item>
    <item>
      <title>Tarjetas QR</title>
      <link>/es/miscellanea/Tarjetas-QR/</link>
      <pubDate>Mon, 01 Jan 0001 00:00:00 +0000</pubDate>
      <guid>/es/miscellanea/Tarjetas-QR/</guid>
      <description>Precaución&#xA;El contenido de esta página ha sido íntegramente traducido por máquina al español, a partir de Italiano. Por lo tanto, puede contener errores de cualquier tipo.&#xA;Aquí hay una idea que me vino a la cabeza a principios de 2022, no estoy seguro de por qué. O mejor dicho, fue un período en el que estaba interesado en el concepto de utilizar el papel como medio para almacenar pequeños datos informáticos, pero no sé por qué comencé a sentir este gusto.</description>
    </item>
  </channel>
</rss>
