<?xml version="1.0" encoding="utf-8" standalone="yes"?>
<rss version="2.0" xmlns:atom="http://www.w3.org/2005/Atom">
  <channel>
    <title>Meta on ✨sitoctt✨</title>
    <link>/es/categories/Meta/</link>
    <description>Recent content in Meta on ✨sitoctt✨</description>
    <generator>Hugo</generator>
    <language>es</language>
    <lastBuildDate>Sat, 12 Nov 2022 00:00:00 +0000</lastBuildDate>
    <atom:link href="/es/categories/Meta/index.xml" rel="self" type="application/rss+xml" />
    <item>
      <title>💰 Donaciones</title>
      <link>/es/miscellanea/Donaciones/</link>
      <pubDate>Sat, 12 Nov 2022 00:00:00 +0000</pubDate>
      <guid>/es/miscellanea/Donaciones/</guid>
      <description>Precaución&#xA;El contenido de esta página ha sido íntegramente traducido por máquina al español, a partir de Italiano. Por lo tanto, puede contener errores de cualquier tipo.&#xA;Me dijeron que debería hacer que el sitio sea rentable.&#xA;De hecho, si lo piensas bien, tienen razón, pero… hay un pero.&#xA;Como no puedo, por razones obvias de decencia humana, poner publicidad, rastreadores variados o criptomineros en el sitio, opto por algo menos invasivo: esta página.</description>
    </item>
  </channel>
</rss>
