<?xml version="1.0" encoding="utf-8" standalone="yes"?>
<rss version="2.0" xmlns:atom="http://www.w3.org/2005/Atom">
  <channel>
    <title>Miscellany on ✨sitoctt✨</title>
    <link>/en/miscellanea/</link>
    <description>Recent content in Miscellany on ✨sitoctt✨</description>
    <generator>Hugo</generator>
    <language>en</language>
    <lastBuildDate>Wed, 28 Aug 2024 00:00:00 +0000</lastBuildDate>
    <atom:link href="/en/miscellanea/index.xml" rel="self" type="application/rss+xml" />
    <item>
      <title>Collection of Internet Sites</title>
      <link>/en/miscellanea/Collection-of-Internet-Sites/</link>
      <pubDate>Wed, 28 Aug 2024 00:00:00 +0000</pubDate>
      <guid>/en/miscellanea/Collection-of-Internet-Sites/</guid>
      <description>Caution&#xA;The content of this page has been entirely machine-translated into English, from Italiano. Therefore, it might contain any kind of errors.&#xA;A collection dedicated to some nice Internet sites (not just web!), of various types, that I find around or belong to people I know.&#xA;Apart from the division into categories, there is no particular order.&#xA;The country flags (emoji, perhaps not visible on older browsers) next to the names indicate the primary languages ​​of the site&amp;rsquo;s content.</description>
    </item>
    <item>
      <title>😺 Who I am</title>
      <link>/en/miscellanea/Who-I-am/</link>
      <pubDate>Tue, 17 Oct 2023 00:00:00 +0000</pubDate>
      <guid>/en/miscellanea/Who-I-am/</guid>
      <description>Caution&#xA;The content of this page has been entirely machine-translated into English, from Italiano. Therefore, it might contain any kind of errors.&#xA;Rightly, coming here, whether or not you have read the general information on the site on Home, you will be wondering who I am.&#xA;I am Oct. Yes, that&amp;rsquo;s right, Octt from which sitoctt, my site, takes its name.&#xA;Octt is pronounced &amp;ldquo;òctt&amp;rdquo; - like sitoctt, but without &amp;ldquo;sit&amp;rdquo;.</description>
    </item>
    <item>
      <title>Rice Harvest</title>
      <link>/en/miscellanea/Rice-Harvest/</link>
      <pubDate>Wed, 22 Mar 2023 00:00:00 +0000</pubDate>
      <guid>/en/miscellanea/Rice-Harvest/</guid>
      <description>Caution&#xA;The content of this page has been entirely machine-translated into English, from Italiano. Therefore, it might contain any kind of errors.&#xA;Rice Collection - or, to put it more correctly, collection of my ricing: interface customizations made to my operating systems.&#xA;In the Linux community, the terms &amp;ldquo;rice&amp;rdquo; and &amp;ldquo;ricing&amp;rdquo; are common to refer to a variety of DIY cosmetic customizations that hobbyists do for a variety of reasons.</description>
    </item>
    <item>
      <title>💰 Donations</title>
      <link>/en/miscellanea/Donations/</link>
      <pubDate>Sat, 12 Nov 2022 00:00:00 +0000</pubDate>
      <guid>/en/miscellanea/Donations/</guid>
      <description>Caution&#xA;The content of this page has been entirely machine-translated into English, from Italiano. Therefore, it might contain any kind of errors.&#xA;They told me I should make the site profit.&#xA;In fact, if you think about it, they are right, but&amp;hellip; there is a but.&#xA;Since I cannot, for obvious reasons of human decency, put advertising, assorted trackers, or cryptominers on the site, I opt for something less invasive: this page.</description>
    </item>
    <item>
      <title>🎶 Music Collection</title>
      <link>/en/miscellanea/Music-Collection/</link>
      <pubDate>Mon, 01 Jan 0001 00:00:00 +0000</pubDate>
      <guid>/en/miscellanea/Music-Collection/</guid>
      <description>Caution&#xA;The content of this page has been entirely machine-translated into English, from Italiano. Therefore, it might contain any kind of errors.&#xA;Under construction&amp;hellip;&#xA;Macross 82-99&#xA;Mainly music from the future-funk genre, a subgenre of vaporwave with a more rhythmic and nicer tone. Each album has different sound themes, with references to Japanese pop culture of the 80s and 90s. More or less all of his songs manage to be very calm and relaxing.</description>
    </item>
    <item>
      <title>Collection of Random Things</title>
      <link>/en/miscellanea/Collection-of-Random-Things/</link>
      <pubDate>Mon, 01 Jan 0001 00:00:00 +0000</pubDate>
      <guid>/en/miscellanea/Collection-of-Random-Things/</guid>
      <description>Caution&#xA;The content of this page has been entirely machine-translated into English, from Italiano. Therefore, it might contain any kind of errors.&#xA;This is literally a collection of random things found around the internet or in weird archives on my PC. Don&amp;rsquo;t expect there to be an understandable context to any of it&amp;hellip;&#xA;The Misery (Origin and License of the video: Unknown)&#xA;[2019-10-28 10:26] APKPure, an Android app store, integrates social features for some reason.</description>
    </item>
    <item>
      <title>QR Cards</title>
      <link>/en/miscellanea/QR-Cards/</link>
      <pubDate>Mon, 01 Jan 0001 00:00:00 +0000</pubDate>
      <guid>/en/miscellanea/QR-Cards/</guid>
      <description>Caution&#xA;The content of this page has been entirely machine-translated into English, from Italiano. Therefore, it might contain any kind of errors.&#xA;Here&amp;rsquo;s an idea that popped into my head towards the beginning of 2022, I&amp;rsquo;m not sure why. Or rather, it was a period in which I was interested in the concept of using paper as a means of storing small computer data, but I don&amp;rsquo;t know why I started to feel this taste.</description>
    </item>
  </channel>
</rss>
