<?xml version="1.0" encoding="utf-8" standalone="yes"?>
<rss version="2.0" xmlns:atom="http://www.w3.org/2005/Atom">
  <channel>
    <title>Recensioni on ✨sitoctt✨</title>
    <link>/it/categories/Recensioni/</link>
    <description>Recent content in Recensioni on ✨sitoctt✨</description>
    <generator>Hugo</generator>
    <language>it</language>
    <lastBuildDate>Sun, 07 Apr 2024 00:00:00 +0000</lastBuildDate>
    <atom:link href="/it/categories/Recensioni/index.xml" rel="self" type="application/rss+xml" />
    <item>
      <title>🚀 LIBERTY WINGS: un Breve RPG sulla Libertà (Recensione)</title>
      <link>/it/blog/2024-04-07-LIBERTY-WINGS-un-Breve-RPG-sulla-Libert%C3%A0-Recensione/</link>
      <pubDate>Sun, 07 Apr 2024 00:00:00 +0000</pubDate>
      <guid>/it/blog/2024-04-07-LIBERTY-WINGS-un-Breve-RPG-sulla-Libert%C3%A0-Recensione/</guid>
      <description>Proprio l&amp;rsquo;altro ieri si è conclusa una game jam, cioè una competizione (online) di sviluppo di videogiochi, basata sul creare qualcosa utilizzando RPG Maker 95, una versione vecchissima della serie in questione di motori di gioco. &amp;hellip;Non è stata ben pubblicizzata, a quanto pare? Perché cercando sul web non trovo uno straccio di pagina di annuncio o che raccolga i lavori. Peccato.&#xA;Ad ogni modo, un creatore che seguo ha preso parte alla competizione, e quindi mi è capitato di giocare la sua creazione.</description>
    </item>
  </channel>
</rss>
