<?xml version="1.0" encoding="utf-8" standalone="yes"?>
<rss version="2.0" xmlns:atom="http://www.w3.org/2005/Atom">
  <channel>
    <title>MicroBlog on ✨sitoctt✨</title>
    <link>/fr/categories/MicroBlog/</link>
    <description>Recent content in MicroBlog on ✨sitoctt✨</description>
    <generator>Hugo</generator>
    <language>fr</language>
    <lastBuildDate>Thu, 20 Oct 2022 00:00:00 +0000</lastBuildDate>
    <atom:link href="/fr/categories/MicroBlog/index.xml" rel="self" type="application/rss+xml" />
    <item>
      <title>Mises à jour DSpacc - Clé maudite</title>
      <link>/fr/blog/2022-10-16-Mises-%C3%A0-jour-DSpacc-Cl%C3%A9-maudite/</link>
      <pubDate>Sun, 16 Oct 2022 00:00:00 +0000</pubDate>
      <guid>/fr/blog/2022-10-16-Mises-%C3%A0-jour-DSpacc-Cl%C3%A9-maudite/</guid>
      <description>Prudence&#xA;Le contenu de cette page a été entièrement et automatiquement traduit en français, à partir de Italiano. Il peut donc contenir toutes sortes d&amp;rsquo;erreurs.&#xA;Il y a un mois, dans le [post du 18 octobre](./2022-09-18- Quando-Metto-Mano-Io-Spacc.html), je disais brièvement que c&amp;rsquo;était le DSpacc, et quel nouveau bordel j&amp;rsquo;avais provoqué.&#xA;Eh bien, cette fois, j&amp;rsquo;ai fait encore pire ; pour comprendre les proportions, il est bon de revoir un instant ce que j&amp;rsquo;avais écrit.</description>
    </item>
    <item>
      <title>Nouvelles frontières</title>
      <link>/fr/blog/2022-09-23-Nouvelles-fronti%C3%A8res/</link>
      <pubDate>Fri, 23 Sep 2022 00:00:00 +0000</pubDate>
      <guid>/fr/blog/2022-09-23-Nouvelles-fronti%C3%A8res/</guid>
      <description>Prudence&#xA;Le contenu de cette page a été entièrement et automatiquement traduit en français, à partir de Italiano. Il peut donc contenir toutes sortes d&amp;rsquo;erreurs.&#xA;Depuis que je l&amp;rsquo;ai découvert il y a quelques jours. J&amp;rsquo;essaie ce logiciel épique qu&amp;rsquo;est TiddlyWiki.&#xA;Je l&amp;rsquo;ai d&amp;rsquo;abord trouvé en cherchant quelque chose pour organiser des notes dans un format riche, que je pourrais utiliser pour l&amp;rsquo;école, et qui était évidemment gratuit.&#xA;Il s&amp;rsquo;agit d&amp;rsquo;un logiciel wiki, pratiquement dans la même catégorie que MediaWiki (le logiciel sur lequel est basé Wikipédia), mais il présente des caractéristiques bien particulières.</description>
    </item>
    <item>
      <title>Quand je mets la main dessus, je rock</title>
      <link>/fr/blog/2022-09-18-Quand-je-mets-la-main-dessus-je-rock/</link>
      <pubDate>Sun, 18 Sep 2022 00:00:00 +0000</pubDate>
      <guid>/fr/blog/2022-09-18-Quand-je-mets-la-main-dessus-je-rock/</guid>
      <description>Prudence&#xA;Le contenu de cette page a été entièrement et automatiquement traduit en français, à partir de Italiano. Il peut donc contenir toutes sortes d&amp;rsquo;erreurs.&#xA;L&amp;rsquo;autre jour, disons, cela m&amp;rsquo;a rappelé le fait que j&amp;rsquo;ai une Nintendo DSpacc dans mon tiroir.&#xA;Je n&amp;rsquo;ai pas honte d&amp;rsquo;admettre qu&amp;rsquo;il est désaffecté, car la seule chose avec laquelle je peux jouer est Pokémon Rubis.&#xA;Mais pas parce qu’il ne reste qu’un seul écran !</description>
    </item>
    <item>
      <title>Que se passe-t-il</title>
      <link>/fr/blog/2022-09-11-Que-se-passe-t-il/</link>
      <pubDate>Sun, 11 Sep 2022 00:00:00 +0000</pubDate>
      <guid>/fr/blog/2022-09-11-Que-se-passe-t-il/</guid>
      <description>Prudence&#xA;Le contenu de cette page a été entièrement et automatiquement traduit en français, à partir de Italiano. Il peut donc contenir toutes sortes d&amp;rsquo;erreurs.&#xA;Ces 7 derniers jours, très peu de choses ont été dites ou faites ici sur le site de ctt.&#xA;J&amp;rsquo;ai créé cette section pour l&amp;rsquo;utiliser comme journal général, mais je suis en train d&amp;rsquo;écrire quelque chose en ce moment.&#xA;Tout d’abord, l’école a repris avant-hier pour moi.</description>
    </item>
    <item>
      <title>Archives du MicroBlog de septembre 2019</title>
      <link>/fr/blog/1-01-01-Archives-du-MicroBlog-de-septembre-2019/</link>
      <pubDate>Mon, 01 Jan 0001 00:00:00 +0000</pubDate>
      <guid>/fr/blog/1-01-01-Archives-du-MicroBlog-de-septembre-2019/</guid>
      <description>Prudence&#xA;Le contenu de cette page a été entièrement et automatiquement traduit en français, à partir de Italiano. Il peut donc contenir toutes sortes d&amp;rsquo;erreurs.&#xA;&amp;lt;détails markdown=&amp;ldquo;1&amp;rdquo;&amp;gt;&amp;lt;résumé&amp;gt;&#xA;[2019-09-18 20:58] Lagwei lazur A.y : ooooo&#xA;Octt : de quoi ez ce lazur violet&#xA;Octobre : les mystères de lagwei&#xA;[&amp;hellip;] {: .Centre }&#xA;A.y : être un capteur de proximité&#xA;A.y : si tu brises du verre dessus&#xA;A.y : Je sais par expérience</description>
    </item>
  </channel>
</rss>
