<?xml version="1.0" encoding="utf-8" standalone="yes"?>
<rss version="2.0" xmlns:atom="http://www.w3.org/2005/Atom">
  <channel>
    <title>Rasperino on ✨sitoctt✨</title>
    <link>/en/categories/Rasperino/</link>
    <description>Recent content in Rasperino on ✨sitoctt✨</description>
    <generator>Hugo</generator>
    <language>en</language>
    <atom:link href="/en/categories/Rasperino/index.xml" rel="self" type="application/rss+xml" />
    <item>
      <title>☀️ Rasperino Solare (and other experiments gone wrong)</title>
      <link>/en/blog/1-01-01-%EF%B8%8F-Rasperino-Solare-and-other-experiments-gone-wrong/</link>
      <pubDate>Mon, 01 Jan 0001 00:00:00 +0000</pubDate>
      <guid>/en/blog/1-01-01-%EF%B8%8F-Rasperino-Solare-and-other-experiments-gone-wrong/</guid>
      <description>Caution&#xA;The content of this page has been entirely machine-translated into English, from Italiano. Therefore, it might contain any kind of errors.&#xA;A few months ago I bought a small monocrystalline solar panel online, with dimensions similar to those of an A4 sheet, for the figure of around €20 (on Amazon.it the sellers are all thieves, on Aliexpress it would have cost a little less).&#xA;![Screenshot of a photo sent in chat.</description>
    </item>
  </channel>
</rss>
