<?xml version="1.0" encoding="utf-8" standalone="yes"?>
<rss version="2.0" xmlns:atom="http://www.w3.org/2005/Atom">
  <channel>
    <title>Frit-Mélangé on ✨sitoctt✨</title>
    <link>/fr/categories/Frit-M%C3%A9lang%C3%A9/</link>
    <description>Recent content in Frit-Mélangé on ✨sitoctt✨</description>
    <generator>Hugo</generator>
    <language>fr</language>
    <atom:link href="/fr/categories/Frit-M%C3%A9lang%C3%A9/index.xml" rel="self" type="application/rss+xml" />
    <item>
      <title>🎶Collection musicale</title>
      <link>/fr/miscellanea/Collection-musicale/</link>
      <pubDate>Mon, 01 Jan 0001 00:00:00 +0000</pubDate>
      <guid>/fr/miscellanea/Collection-musicale/</guid>
      <description>Prudence&#xA;Le contenu de cette page a été entièrement et automatiquement traduit en français, à partir de Italiano. Il peut donc contenir toutes sortes d&amp;rsquo;erreurs.&#xA;En cours de construction&amp;hellip;&#xA;Macros 82-99&#xA;Principalement de la musique du genre future-funk, un sous-genre du vaporwave avec un ton plus rythmé et plus agréable. Chaque album présente des thèmes sonores différents, avec des références à la culture pop japonaise des années 80 et 90.</description>
    </item>
    <item>
      <title>Cartes QR</title>
      <link>/fr/miscellanea/Cartes-QR/</link>
      <pubDate>Mon, 01 Jan 0001 00:00:00 +0000</pubDate>
      <guid>/fr/miscellanea/Cartes-QR/</guid>
      <description>Prudence&#xA;Le contenu de cette page a été entièrement et automatiquement traduit en français, à partir de Italiano. Il peut donc contenir toutes sortes d&amp;rsquo;erreurs.&#xA;Voici une idée qui m&amp;rsquo;est venue à l&amp;rsquo;esprit vers le début de l&amp;rsquo;année 2022, je ne sais pas pourquoi. Ou plutôt, c&amp;rsquo;était une période où je m&amp;rsquo;intéressais au concept d&amp;rsquo;utilisation du papier comme moyen de stockage de petites données informatiques, mais je ne sais pas pourquoi j&amp;rsquo;ai commencé à ressentir ce goût.</description>
    </item>
    <item>
      <title>Collection de choses aléatoires</title>
      <link>/fr/miscellanea/Collection-de-choses-al%C3%A9atoires/</link>
      <pubDate>Mon, 01 Jan 0001 00:00:00 +0000</pubDate>
      <guid>/fr/miscellanea/Collection-de-choses-al%C3%A9atoires/</guid>
      <description>Prudence&#xA;Le contenu de cette page a été entièrement et automatiquement traduit en français, à partir de Italiano. Il peut donc contenir toutes sortes d&amp;rsquo;erreurs.&#xA;Il s&amp;rsquo;agit littéralement d&amp;rsquo;une collection d&amp;rsquo;éléments aléatoires trouvés sur Internet ou dans des archives étranges sur mon PC. Ne vous attendez pas à ce qu&amp;rsquo;il y ait un contexte compréhensible pour tout cela&amp;hellip;&#xA;&amp;lt;détails markdown=&amp;ldquo;1&amp;rdquo;&amp;gt;&#xA;La misère (Origine et Licence de la vidéo : Inconnue)</description>
    </item>
  </channel>
</rss>
