<?xml version="1.0" encoding="utf-8" standalone="yes"?>
<rss version="2.0" xmlns:atom="http://www.w3.org/2005/Atom">
  <channel>
    <title>Ecología on ✨sitoctt✨</title>
    <link>/es/categories/Ecolog%C3%ADa/</link>
    <description>Recent content in Ecología on ✨sitoctt✨</description>
    <generator>Hugo</generator>
    <language>es</language>
    <lastBuildDate>Sat, 09 Jul 2022 00:00:00 +0000</lastBuildDate>
    <atom:link href="/es/categories/Ecolog%C3%ADa/index.xml" rel="self" type="application/rss+xml" />
    <item>
      <title>💻 Cómo arreglé mi portátil (con 25€)</title>
      <link>/es/blog/2022-07-09-C%C3%B3mo-arregl%C3%A9-mi-port%C3%A1til-con-25/</link>
      <pubDate>Sat, 09 Jul 2022 00:00:00 +0000</pubDate>
      <guid>/es/blog/2022-07-09-C%C3%B3mo-arregl%C3%A9-mi-port%C3%A1til-con-25/</guid>
      <description>Precaución&#xA;El contenido de esta página ha sido íntegramente traducido por máquina al español, a partir de Italiano. Por lo tanto, puede contener errores de cualquier tipo.&#xA;Desde hace casi 7 años tengo un portátil Acer, Aspire V3-572G, sin duda ahora un poco viejo, sin elogios y con algo de infamia.&#xA;Cuando se compró, era esencialmente un portátil de gama media como cualquier otro, sin características destacables. Quiero decir, lo usé bastante y más o menos siempre hizo lo que se suponía que debía hacer, hasta que hace aproximadamente 2 años comencé a exigir el uso de juegos pesados ​​y herramientas de desarrollo, momento en el cual la nueva PC (de escritorio) era genial.</description>
    </item>
    <item>
      <title>☀️ Rasperino Solare (y otros experimentos que salieron mal)</title>
      <link>/es/blog/2022-06-23-%EF%B8%8F-Rasperino-Solare-y-otros-experimentos-que-salieron-mal/</link>
      <pubDate>Thu, 23 Jun 2022 00:00:00 +0000</pubDate>
      <guid>/es/blog/2022-06-23-%EF%B8%8F-Rasperino-Solare-y-otros-experimentos-que-salieron-mal/</guid>
      <description>Precaución&#xA;El contenido de esta página ha sido íntegramente traducido por máquina al español, a partir de Italiano. Por lo tanto, puede contener errores de cualquier tipo.&#xA;Hace unos meses compré online un pequeño panel solar monocristalino, con unas dimensiones similares a las de una hoja A4, por unos 20€ (en Amazon.it los vendedores son todos unos ladrones, en Aliexpress habría costado un poco menos).&#xA;![Captura de pantalla de una foto enviada en el chat.</description>
    </item>
  </channel>
</rss>
