<?xml version="1.0" encoding="utf-8" standalone="yes"?>
<rss version="2.0" xmlns:atom="http://www.w3.org/2005/Atom">
  <channel>
    <title>Internet on ✨sitoctt✨</title>
    <link>/it/categories/Internet/</link>
    <description>Recent content in Internet on ✨sitoctt✨</description>
    <generator>Hugo</generator>
    <language>it</language>
    <lastBuildDate>Mon, 23 Sep 2024 00:00:00 +0000</lastBuildDate>
    <atom:link href="/it/categories/Internet/index.xml" rel="self" type="application/rss+xml" />
    <item>
      <title>🦧 I guerrieri del &#34;woke&#34; e l&#39;appiattimento del gaming</title>
      <link>/it/blog/2024-09-23-I-guerrieri-del-woke-e-lappiattimento-del-gaming/</link>
      <pubDate>Mon, 23 Sep 2024 00:00:00 +0000</pubDate>
      <guid>/it/blog/2024-09-23-I-guerrieri-del-woke-e-lappiattimento-del-gaming/</guid>
      <description>Il videogioco, possibilmente il mezzo d&amp;rsquo;intrattenimento più potente a nostra disposizione oggi, con una storia relativamente breve ma estremamente piena, grazie a cui si è negli anni genuinamente formata una parte dell&amp;rsquo;anima di molte persone, tra cui la mia anima&amp;hellip; sta vivendo certamente un periodo particolare.&#xA;Per certi versi, la sua evoluzione come strumento, e la sua espansione come mercato, gli hanno fatto raggiungere punti sempre più alti, riuscendo a diventare da un lato grandi pezzi di cultura popolare, attraverso cui milioni di persone riescono a ritrovarsi e connettersi per far fronte alla vita quotidiana; dall&amp;rsquo;altro veri e propri capolavori artistici, giustamente elogiati dalla critica, che saranno per ciò ricordati.</description>
    </item>
    <item>
      <title>Raccolta Siti Internet</title>
      <link>/it/miscellanea/Raccolta-Siti-Internet/</link>
      <pubDate>Wed, 28 Aug 2024 00:00:00 +0000</pubDate>
      <guid>/it/miscellanea/Raccolta-Siti-Internet/</guid>
      <description>Una raccolta dedicata ad alcuni siti Internet carini (non solo web!), di varie tipologie, che trovo in giro o appartengono a persone che conosco.&#xA;A parte la divisione in categorie, non c&amp;rsquo;e alcun ordine particolare.&#xA;Le bandiere di nazione (emoji, forse non visibili su browser antichi) accanto ai nomi indicano le lingue primarie dei contenuti del sito.&#xA;Il mio.. Se il mio sito ti piace, e ne hai anche tu uno con una pagina simile a questa lista dove vuoi consigliarlo, puoi linkarlo, come link testuale o anche come bottone 88x31!</description>
    </item>
    <item>
      <title>📓️ Sul passaggio dai diari ai blog ai social, una riflessione</title>
      <link>/it/blog/2024-06-22-%EF%B8%8F-Sul-passaggio-dai-diari-ai-blog-ai-social-una-riflessione/</link>
      <pubDate>Sat, 22 Jun 2024 00:00:00 +0000</pubDate>
      <guid>/it/blog/2024-06-22-%EF%B8%8F-Sul-passaggio-dai-diari-ai-blog-ai-social-una-riflessione/</guid>
      <description>Quest&amp;rsquo;anno, i miei più assidui seguaci lo sanno, godo del privilegio di non dover affrontare l&amp;rsquo;esame di maturità: ho già dato abbastanza l&amp;rsquo;anno scorso, mentre ora mi trovo nel ben peggiore vortice dell&amp;rsquo;università. Ma, per coloro che invece non degnano i miei profili online delle dovute attenzioni: fa niente, lo avete scoperto ora.&#xA;Non andando più a scuola, è inevitabile che sia passato per me un intero anno solare senza scrivere mai il classico tema e, per quanto non mi manchi assolutamente il tornare a casa con la spalla rotta e la mano monca — risultato dello scrivere centinaia di parole a mano su carta per poi produrne addirittura una copia in bella — devo ammettere che il non dover scrivere è abbastanza triste.</description>
    </item>
    <item>
      <title>🏴‍☠️ Che impatto avrà la nuova legge anti-pirateria italiana?</title>
      <link>/it/blog/2023-04-16-%EF%B8%8F-Che-impatto-avr%C3%A0-la-nuova-legge-anti-pirateria-italiana/</link>
      <pubDate>Sun, 16 Apr 2023 00:00:00 +0000</pubDate>
      <guid>/it/blog/2023-04-16-%EF%B8%8F-Che-impatto-avr%C3%A0-la-nuova-legge-anti-pirateria-italiana/</guid>
      <description>Alcuni lo sapranno, in Italia è stata approvata la nuova legge anti-pirateria, ed ora i dubbi con cui noi appassionati della condivisione libera dobbiamo confrontarci sono diversi:&#xA;Quando entrerà in vigore? (Spero non esattamente nel momento in cui sto scrivendo questo post 😰) Quanti soldi avranno speso le lobby dell&amp;rsquo;intrattenimento per assicurarsi che la legge venisse approvata alla totale unanimità? Quali conseguenze reali porterà a noi comuni cittadini? I blocchi (istantanei e per IP) Il punto che forse più mi ha colpita della legge (qui il PDF esaminato dalla Commissione, e la relazione finale) - forse perché possiedo svariate proprietà online, totalmente personali, che hanno per me zero valore economico, ma inquantificabile valore sentimentale - è l&amp;rsquo;obbligo per i fornitori di servizi Internet di rispondere a richieste di blocco istantanee.</description>
    </item>
    <item>
      <title>🐕‍🦺 Epicyon, piattaforma del Fediverso durata 2 giorni</title>
      <link>/it/blog/2022-12-26-Epicyon-piattaforma-del-Fediverso-durata-2-giorni/</link>
      <pubDate>Mon, 26 Dec 2022 00:00:00 +0000</pubDate>
      <guid>/it/blog/2022-12-26-Epicyon-piattaforma-del-Fediverso-durata-2-giorni/</guid>
      <description>Ormai, si sa, più passa il tempo e più finisco con l&amp;rsquo;esplorare dettagli sempre più minuti del Fediverso.&#xA;Oggi racconto un po&amp;rsquo; di una piattaforma di questo mondo abbastanza sconosciuta, e che aveva buone premesse, ma si è rivelata un buco nell&amp;rsquo;acqua: Epicyon.&#xA;Prima di iniziare, però, vediamo in che situazione disperata ero finita.&#xA;5 settimane fa avevo finalmente installato la mia istanza di Misskey, ad oggi una piattaforma di microblogging altamente rispettabile nel panorama ActivityPub, che negli ultimi tempi sta lentamente guadagnando sempre più utenti.</description>
    </item>
    <item>
      <title>📈 sitoctt - Da 3 mesi fa ad oggi, l&#39;inizio e i motivi</title>
      <link>/it/blog/2022-08-26-sitoctt-Da-3-mesi-fa-ad-oggi-linizio-e-i-motivi/</link>
      <pubDate>Fri, 26 Aug 2022 00:00:00 +0000</pubDate>
      <guid>/it/blog/2022-08-26-sitoctt-Da-3-mesi-fa-ad-oggi-linizio-e-i-motivi/</guid>
      <description>Questo articolo si può probabilmente considerare come il primo di una serie sulla filosofia del sitoctt, se così vogliam dire.&#xA;Per iniziare, di cosa è meglio parlare, se non di tutto ciò che ha portato alla nascita del sito e ha iniziato a caratterizzarlo?&#xA;Quando, ormai ben 3 mesi fa, avevo iniziato appena a concepire il sitoctt, una delle cose che sentivo era di non avere un posto in cui disporre la mia roba - quella da preservare e condividere pubblicamente, almeno - in un modo che la rendesse ordinata, disponibile, guardabile, utilizzabile, e a prova di perdita.</description>
    </item>
    <item>
      <title>📄 I documenti non devono diventare applicazioni</title>
      <link>/it/blog/2022-06-14-I-documenti-non-devono-diventare-applicazioni/</link>
      <pubDate>Tue, 14 Jun 2022 00:00:00 +0000</pubDate>
      <guid>/it/blog/2022-06-14-I-documenti-non-devono-diventare-applicazioni/</guid>
      <description>Il Web di oggi è indiscutibilmente molto diverso da quello di 20 anni fa, e cambia sempre di più ogni anno che passa.&#xA;Guardare i lati positivi del progresso è sempre molto facile e rassicurante, e per questo poco spesso si pensa ai lati oscuri che, in tante tante cose, ci sono. Il Web, purtroppo, è una di queste.&#xA;Che sta succedendo? Il Web dei documenti sta prendendo una brutta piega, diventando piano piano sempre più, a tutti gli effetti, Web delle app.</description>
    </item>
    <item>
      <title>🌐️ Come e perché il sitoctt su Tor?</title>
      <link>/it/blog/2022-06-03-%EF%B8%8F-Come-e-perch%C3%A9-il-sitoctt-su-Tor/</link>
      <pubDate>Fri, 03 Jun 2022 00:00:00 +0000</pubDate>
      <guid>/it/blog/2022-06-03-%EF%B8%8F-Come-e-perch%C3%A9-il-sitoctt-su-Tor/</guid>
      <description>In questi giorni ho sistemato i primi affari riguardanti il rendere disponibile il sitocto sulla rete Tor. C&amp;rsquo;è chi mi definirà esagerata anche soltanto per aver avuto il pensiero di fare una cosa del genere, ma c&amp;rsquo;è poco da fare.&#xA;Se nulla è andato storto, il servizio Onion è ancora raggiungibile a questo indirizzo: onmfrk2acl4xdeawfjg3nfepq7gcufolctmhiwwxpcknazus5bxzxhqd.onion{: style=&amp;lsquo;Color:#a060c0;&amp;rsquo; } sitoctt2fxjvx3lc2iqqef2aeulflprjaasv2xl4zi7sxxbmvjy5b5yd.onion1.&#xA;L&amp;rsquo;idea - apparentemente riuscita - è stata quella di utilizzare un servizio PaaS gratuito, Replit, per fare il tutto.</description>
    </item>
  </channel>
</rss>
