<?xml version="1.0" encoding="utf-8" standalone="yes"?>
<rss version="2.0" xmlns:atom="http://www.w3.org/2005/Atom">
  <channel>
    <title>Internet on ✨sitoctt✨</title>
    <link>/en/categories/Internet/</link>
    <description>Recent content in Internet on ✨sitoctt✨</description>
    <generator>Hugo</generator>
    <language>en</language>
    <lastBuildDate>Wed, 28 Aug 2024 00:00:00 +0000</lastBuildDate>
    <atom:link href="/en/categories/Internet/index.xml" rel="self" type="application/rss+xml" />
    <item>
      <title>Collection of Internet Sites</title>
      <link>/en/miscellanea/Collection-of-Internet-Sites/</link>
      <pubDate>Wed, 28 Aug 2024 00:00:00 +0000</pubDate>
      <guid>/en/miscellanea/Collection-of-Internet-Sites/</guid>
      <description>Caution&#xA;The content of this page has been entirely machine-translated into English, from Italiano. Therefore, it might contain any kind of errors.&#xA;A collection dedicated to some nice Internet sites (not just web!), of various types, that I find around or belong to people I know.&#xA;Apart from the division into categories, there is no particular order.&#xA;The country flags (emoji, perhaps not visible on older browsers) next to the names indicate the primary languages ​​of the site&amp;rsquo;s content.</description>
    </item>
    <item>
      <title>🏴‍☠️ What impact will the new Italian anti-piracy law have?</title>
      <link>/en/blog/2023-04-17-%EF%B8%8F-What-impact-will-the-new-Italian-anti-piracy-law-have/</link>
      <pubDate>Mon, 17 Apr 2023 00:00:00 +0000</pubDate>
      <guid>/en/blog/2023-04-17-%EF%B8%8F-What-impact-will-the-new-Italian-anti-piracy-law-have/</guid>
      <description>Caution&#xA;The content of this page has been entirely machine-translated into English, from Italiano. Therefore, it might contain any kind of errors.&#xA;Some will know, in Italy the new anti-piracy law has been approved, and now the doubts with which we enthusiasts of sharing free we have to deal with are different:&#xA;When will it come into force? (I hope not exactly at the time I&#39;m writing this post 😰) How much money will the entertainment lobbies have spent to ensure that the law was passed with total unanimity?</description>
    </item>
    <item>
      <title>🌐️ How and why sitectt on Tor?</title>
      <link>/en/blog/2022-06-29-%EF%B8%8F-How-and-why-sitectt-on-Tor/</link>
      <pubDate>Wed, 29 Jun 2022 00:00:00 +0000</pubDate>
      <guid>/en/blog/2022-06-29-%EF%B8%8F-How-and-why-sitectt-on-Tor/</guid>
      <description>Caution&#xA;The content of this page has been entirely machine-translated into English, from Italiano. Therefore, it might contain any kind of errors.&#xA;In recent days I have settled the first matters regarding making the site available on the Tor network. There are those who will call me exaggerated for even having the thought of doing something like this, but there is little that can be done.&#xA;If nothing has gone wrong, the Onion service can still be reached at this address: onmfrk2acl4xdeawfjg3nfepq7gcufolctmhiwwxpcknazus5bxzxhqd.</description>
    </item>
    <item>
      <title>📄 Documents should not become applications</title>
      <link>/en/blog/1-01-01-Documents-should-not-become-applications/</link>
      <pubDate>Mon, 01 Jan 0001 00:00:00 +0000</pubDate>
      <guid>/en/blog/1-01-01-Documents-should-not-become-applications/</guid>
      <description>Caution&#xA;The content of this page has been entirely machine-translated into English, from Italiano. Therefore, it might contain any kind of errors.&#xA;Today&amp;rsquo;s Web is unquestionably very different from that of 20 years ago, and it changes more and more with each passing year.&#xA;Looking at the positive sides of progress is always very easy and reassuring, and for this reason we rarely think about the dark sides which, in many, many things, exist.</description>
    </item>
    <item>
      <title>📈 sitoctt - From 3 months ago to today, the beginning and the reasons</title>
      <link>/en/blog/1-01-01-sitoctt-From-3-months-ago-to-today-the-beginning-and-the-reasons/</link>
      <pubDate>Mon, 01 Jan 0001 00:00:00 +0000</pubDate>
      <guid>/en/blog/1-01-01-sitoctt-From-3-months-ago-to-today-the-beginning-and-the-reasons/</guid>
      <description>Caution&#xA;The content of this page has been entirely machine-translated into English, from Italiano. Therefore, it might contain any kind of errors.&#xA;This article can probably be considered as the first of a series on the site philosophy, if you want to say so.&#xA;To start, what is better to talk about, if not everything that led to the birth of the site and began to characterize it?&#xA;When, 3 months ago now, I had just started to conceive the ctt site, one of the things I felt was that I didn&amp;rsquo;t have a place in which to arrange my stuff - the stuff to be preserved and shared publicly, at least - in a way that made it tidy, available, watchable, usable, and leak-proof.</description>
    </item>
  </channel>
</rss>
