<?xml version="1.0" encoding="utf-8" standalone="yes"?>
<rss version="2.0" xmlns:atom="http://www.w3.org/2005/Atom">
  <channel>
    <title>Internet on ✨sitoctt✨</title>
    <link>/en/categories/Internet/</link>
    <description>Recent content in Internet on ✨sitoctt✨</description>
    <generator>Hugo</generator>
    <language>en</language>
    <lastBuildDate>Wed, 28 Aug 2024 00:00:00 +0000</lastBuildDate>
    <atom:link href="/en/categories/Internet/index.xml" rel="self" type="application/rss+xml" />
    <item>
      <title>Collection of Internet Sites</title>
      <link>/en/miscellanea/Collection-of-Internet-Sites/</link>
      <pubDate>Wed, 28 Aug 2024 00:00:00 +0000</pubDate>
      <guid>/en/miscellanea/Collection-of-Internet-Sites/</guid>
      <description>Caution&#xA;The content of this page has been entirely machine-translated into English, from Italiano. Therefore, it might contain any kind of errors.&#xA;A collection dedicated to some nice Internet sites (not just web!), of various types, that I find around or belong to people I know.&#xA;Apart from the division into categories, there is no particular order.&#xA;The country flags (emoji, perhaps not visible on older browsers) next to the names indicate the primary languages ​​of the site&amp;rsquo;s content.</description>
    </item>
    <item>
      <title>📓️ On the transition from diaries to blogs to social media, a reflection</title>
      <link>/en/blog/2024-06-22-%EF%B8%8F-On-the-transition-from-diaries-to-blogs-to-social-media-a-reflection/</link>
      <pubDate>Sat, 22 Jun 2024 00:00:00 +0000</pubDate>
      <guid>/en/blog/2024-06-22-%EF%B8%8F-On-the-transition-from-diaries-to-blogs-to-social-media-a-reflection/</guid>
      <description>Caution&#xA;The content of this page has been entirely machine-translated into English, from Italiano. Therefore, it might contain any kind of errors.&#xA;This year, my most assiduous followers know, I enjoy the privilege of not having to take the final exam: I already gave enough last year, while now I find myself in the much worse vortex of university. But, for those who don&#39;t give my online profiles the necessary attention: it&#39;s okay, you&#39;ve discovered it now.</description>
    </item>
    <item>
      <title>🏴‍☠️ What impact will the new Italian anti-piracy law have?</title>
      <link>/en/blog/2023-04-16-%EF%B8%8F-What-impact-will-the-new-Italian-anti-piracy-law-have/</link>
      <pubDate>Sun, 16 Apr 2023 00:00:00 +0000</pubDate>
      <guid>/en/blog/2023-04-16-%EF%B8%8F-What-impact-will-the-new-Italian-anti-piracy-law-have/</guid>
      <description>Caution&#xA;The content of this page has been entirely machine-translated into English, from Italiano. Therefore, it might contain any kind of errors.&#xA;Some will know, in Italy the new anti-piracy law has been approved, and now the doubts with which we enthusiasts of sharing free we have to deal with are different:&#xA;When will it come into force? (I hope not exactly at the time I&#39;m writing this post 😰) How much money will the entertainment lobbies have spent to ensure that the law was passed with total unanimity?</description>
    </item>
    <item>
      <title>🐕u200d🦺 Epicyon, Fediverse platform lasting 2 days</title>
      <link>/en/blog/2022-12-26-u200d-Epicyon-Fediverse-platform-lasting-2-days/</link>
      <pubDate>Mon, 26 Dec 2022 00:00:00 +0000</pubDate>
      <guid>/en/blog/2022-12-26-u200d-Epicyon-Fediverse-platform-lasting-2-days/</guid>
      <description>Caution&#xA;The content of this page has been entirely machine-translated into English, from Italiano. Therefore, it might contain any kind of errors.&#xA;By now, we know, the more time passes, the more I end up exploring ever more minute details of the Fediverse.&#xA;Today I&#39;ll tell you a little about a platform of this world that is quite unknown, and which had good premises, but turned out to be a hole in the water: Epicyon strong&gt;.</description>
    </item>
    <item>
      <title>📈 sitoctt - From 3 months ago to today, the beginning and the reasons</title>
      <link>/en/blog/2022-08-26-sitoctt-From-3-months-ago-to-today-the-beginning-and-the-reasons/</link>
      <pubDate>Fri, 26 Aug 2022 00:00:00 +0000</pubDate>
      <guid>/en/blog/2022-08-26-sitoctt-From-3-months-ago-to-today-the-beginning-and-the-reasons/</guid>
      <description>Caution&#xA;The content of this page has been entirely machine-translated into English, from Italiano. Therefore, it might contain any kind of errors.&#xA;This article can probably be considered as the first of a series on the site philosophy, if you want to say so.&#xA;To start, what is better to talk about, if not everything that led to the birth of the site and began to characterize it?&#xA;When, 3 months ago now, I had just started to conceive the ctt site, one of the things I felt was that I didn&amp;rsquo;t have a place in which to arrange my stuff - the stuff to be preserved and shared publicly, at least - in a way that made it tidy, available, watchable, usable, and loss-proof.</description>
    </item>
    <item>
      <title>📄 Documents should not become applications</title>
      <link>/en/blog/2022-06-14-Documents-should-not-become-applications/</link>
      <pubDate>Tue, 14 Jun 2022 00:00:00 +0000</pubDate>
      <guid>/en/blog/2022-06-14-Documents-should-not-become-applications/</guid>
      <description>Caution&#xA;The content of this page has been entirely machine-translated into English, from Italiano. Therefore, it might contain any kind of errors.&#xA;Today&amp;rsquo;s Web is unquestionably very different from that of 20 years ago, and it changes more and more with each passing year.&#xA;Looking at the positive sides of progress is always very easy and reassuring, and for this reason we rarely think about the dark sides which, in many, many things, exist.</description>
    </item>
    <item>
      <title>🌐️ How and why sitectt on Tor?</title>
      <link>/en/blog/2022-06-03-%EF%B8%8F-How-and-why-sitectt-on-Tor/</link>
      <pubDate>Fri, 03 Jun 2022 00:00:00 +0000</pubDate>
      <guid>/en/blog/2022-06-03-%EF%B8%8F-How-and-why-sitectt-on-Tor/</guid>
      <description>Caution&#xA;The content of this page has been entirely machine-translated into English, from Italiano. Therefore, it might contain any kind of errors.&#xA;In recent days I have settled the first matters regarding making the site available on the Tor network. There are those who will call me exaggerated for even having the thought of doing something like this, but there is little that can be done.&#xA;If nothing has gone wrong, the Onion service can still be reached at this address: onmfrk2acl4xdeawfjg3nfepq7gcufolctmhiwwxpcknazus5bxzxhqd.</description>
    </item>
  </channel>
</rss>
