<?xml version="1.0" encoding="utf-8" standalone="yes"?>
<rss version="2.0" xmlns:atom="http://www.w3.org/2005/Atom">
  <channel>
    <title>Internet on ✨sitoctt✨</title>
    <link>/fr/categories/Internet/</link>
    <description>Recent content in Internet on ✨sitoctt✨</description>
    <generator>Hugo</generator>
    <language>fr</language>
    <lastBuildDate>Wed, 28 Aug 2024 00:00:00 +0000</lastBuildDate>
    <atom:link href="/fr/categories/Internet/index.xml" rel="self" type="application/rss+xml" />
    <item>
      <title>Collection de sites Internet</title>
      <link>/fr/miscellanea/Collection-de-sites-Internet/</link>
      <pubDate>Wed, 28 Aug 2024 00:00:00 +0000</pubDate>
      <guid>/fr/miscellanea/Collection-de-sites-Internet/</guid>
      <description>Prudence&#xA;Le contenu de cette page a été entièrement et automatiquement traduit en français, à partir de Italiano. Il peut donc contenir toutes sortes d&amp;rsquo;erreurs.&#xA;Une collection dédiée à quelques sites Internet sympas (pas seulement web !), de différents types, que je trouve autour ou appartiennent à des personnes que je connais.&#xA;Hormis la répartition en catégories, il n’y a pas d’ordre particulier.&#xA;Les drapeaux des pays (emoji, peut-être non visibles sur les anciens navigateurs) à côté des noms indiquent les langues principales du contenu du site.</description>
    </item>
    <item>
      <title>📓️ Sur le passage des agendas aux blogs aux réseaux sociaux, une réflexion</title>
      <link>/fr/blog/2024-06-22-%EF%B8%8F-Sur-le-passage-des-agendas-aux-blogs-aux-r%C3%A9seaux-sociaux-une-r%C3%A9flexion/</link>
      <pubDate>Sat, 22 Jun 2024 00:00:00 +0000</pubDate>
      <guid>/fr/blog/2024-06-22-%EF%B8%8F-Sur-le-passage-des-agendas-aux-blogs-aux-r%C3%A9seaux-sociaux-une-r%C3%A9flexion/</guid>
      <description>Prudence&#xA;Le contenu de cette page a été entièrement et automatiquement traduit en français, à partir de Italiano. Il peut donc contenir toutes sortes d&amp;rsquo;erreurs.&#xA;Cette année, mes adeptes les plus assidus le savent, j&#39;ai le privilège de ne pas avoir à passer l&#39;examen final : j&#39;en ai déjà donné assez l&#39;année dernière, alors que maintenant je me retrouve dans le vortex bien pire de l&#39;université. Mais, pour ceux qui n&#39;accordent pas l&#39;attention nécessaire à mes profils en ligne : ce n&#39;est pas grave, vous l&#39;avez découvert maintenant.</description>
    </item>
    <item>
      <title>🏴‍☠️ Quel impact aura la nouvelle loi italienne anti-piratage ?</title>
      <link>/fr/blog/2023-04-16-%EF%B8%8F-Quel-impact-aura-la-nouvelle-loi-italienne-anti-piratage/</link>
      <pubDate>Sun, 16 Apr 2023 00:00:00 +0000</pubDate>
      <guid>/fr/blog/2023-04-16-%EF%B8%8F-Quel-impact-aura-la-nouvelle-loi-italienne-anti-piratage/</guid>
      <description>Prudence&#xA;Le contenu de cette page a été entièrement et automatiquement traduit en français, à partir de Italiano. Il peut donc contenir toutes sortes d&amp;rsquo;erreurs.&#xA;Certains le savent, en Italie la nouvelle loi anti-piratage a été approuvée, et maintenant les doutes avec lesquels nous, amateurs de partage la gratuité à laquelle nous devons faire face est différente :&#xA;Quand entrera-t-il en vigueur ? (J&#39;espère pas exactement au moment où j&#39;écris ce post 😰) Combien d&#39;argent les lobbies du divertissement auront-ils dépensé pour garantir que la loi soit adoptée à l&#39;unanimité totale ?</description>
    </item>
    <item>
      <title>🐕u200d🦺 Epicyon, plateforme Fediverse d&#39;une durée de 2 jours</title>
      <link>/fr/blog/2022-12-26-u200d-Epicyon-plateforme-Fediverse-dune-dur%C3%A9e-de-2-jours/</link>
      <pubDate>Mon, 26 Dec 2022 00:00:00 +0000</pubDate>
      <guid>/fr/blog/2022-12-26-u200d-Epicyon-plateforme-Fediverse-dune-dur%C3%A9e-de-2-jours/</guid>
      <description>Prudence&#xA;Le contenu de cette page a été entièrement et automatiquement traduit en français, à partir de Italiano. Il peut donc contenir toutes sortes d&amp;rsquo;erreurs.&#xA;Maintenant, nous le savons, plus le temps passe, plus je finis par explorer des détails toujours plus infimes du Fediverse.&#xA;Aujourd&#39;hui je vais vous parler un peu d&#39;une plateforme de ce monde assez inconnue, et qui avait de bons locaux, mais qui s&#39;est avérée être un trou dans l&#39;eau : Épicyon strong&gt;.</description>
    </item>
    <item>
      <title>📈 sitoctt - D&#39;il y a 3 mois à aujourd&#39;hui, le début et les raisons</title>
      <link>/fr/blog/2022-08-26-sitoctt-Dil-y-a-3-mois-%C3%A0-aujourdhui-le-d%C3%A9but-et-les-raisons/</link>
      <pubDate>Fri, 26 Aug 2022 00:00:00 +0000</pubDate>
      <guid>/fr/blog/2022-08-26-sitoctt-Dil-y-a-3-mois-%C3%A0-aujourdhui-le-d%C3%A9but-et-les-raisons/</guid>
      <description>Prudence&#xA;Le contenu de cette page a été entièrement et automatiquement traduit en français, à partir de Italiano. Il peut donc contenir toutes sortes d&amp;rsquo;erreurs.&#xA;Cet article peut probablement être considéré comme le premier d&amp;rsquo;une série sur la philosophie du site, si l&amp;rsquo;on veut.&#xA;Pour commencer, quoi de mieux pour parler, sinon de tout ce qui a conduit à la naissance du site et a commencé à le caractériser ?</description>
    </item>
    <item>
      <title>📄 Les documents ne doivent pas devenir des candidatures</title>
      <link>/fr/blog/2022-06-14-Les-documents-ne-doivent-pas-devenir-des-candidatures/</link>
      <pubDate>Tue, 14 Jun 2022 00:00:00 +0000</pubDate>
      <guid>/fr/blog/2022-06-14-Les-documents-ne-doivent-pas-devenir-des-candidatures/</guid>
      <description>Prudence&#xA;Le contenu de cette page a été entièrement et automatiquement traduit en français, à partir de Italiano. Il peut donc contenir toutes sortes d&amp;rsquo;erreurs.&#xA;Le Web d&amp;rsquo;aujourd&amp;rsquo;hui est incontestablement très différent de celui d&amp;rsquo;il y a 20 ans, et il évolue de plus en plus chaque année.&#xA;Regarder les côtés positifs du progrès est toujours très facile et rassurant, et c’est pour cette raison que nous pensons rarement aux côtés sombres qui, dans de très nombreux domaines, existent.</description>
    </item>
    <item>
      <title>🌐️ Comment et pourquoi sitect sur Tor ?</title>
      <link>/fr/blog/2022-06-03-%EF%B8%8F-Comment-et-pourquoi-sitect-sur-Tor/</link>
      <pubDate>Fri, 03 Jun 2022 00:00:00 +0000</pubDate>
      <guid>/fr/blog/2022-06-03-%EF%B8%8F-Comment-et-pourquoi-sitect-sur-Tor/</guid>
      <description>Prudence&#xA;Le contenu de cette page a été entièrement et automatiquement traduit en français, à partir de Italiano. Il peut donc contenir toutes sortes d&amp;rsquo;erreurs.&#xA;Ces derniers jours, j&amp;rsquo;ai réglé les premières questions concernant la mise à disposition du site sur le réseau Tor. Il y a ceux qui me traiteront d’exagéré même si j’ai eu l’idée de faire quelque chose comme ça, mais il y a peu de choses à faire.</description>
    </item>
  </channel>
</rss>
