<?xml version="1.0" encoding="utf-8" standalone="yes"?>
<rss version="2.0" xmlns:atom="http://www.w3.org/2005/Atom">
  <channel>
    <title>📒 Vecchi MicroBlog on ✨sitoctt✨</title>
    <link>/it/categories/MicroBlog/</link>
    <description>Recent content in 📒 Vecchi MicroBlog on ✨sitoctt✨</description>
    <generator>Hugo</generator>
    <language>it</language>
    <lastBuildDate>Thu, 20 Oct 2022 00:00:00 +0000</lastBuildDate>
    <atom:link href="/it/categories/MicroBlog/index.xml" rel="self" type="application/rss+xml" />
    <item>
      <title>Aggiornamenti DSpacc - Tastino maledetto</title>
      <link>/it/blog/2022-10-16-Aggiornamenti-DSpacc-Tastino-maledetto/</link>
      <pubDate>Sun, 16 Oct 2022 00:00:00 +0000</pubDate>
      <guid>/it/blog/2022-10-16-Aggiornamenti-DSpacc-Tastino-maledetto/</guid>
      <description>Un mesetto fa, nel post del 18 ottobre, avevo brevemente detto che fosse il DSpacc, e che nuovo guaio avessi combinato.&#xA;Beh, stavolta ho fatto pure di peggio; per capire le proporzioni, è bene rispolverare un secondo cosa avevo scritto.&#xA;La schedina che menzionai è arrivata, la modifica software per migliorarla funziona, e io sto ancora esplorando un po&amp;rsquo; il tutto. Avrò tempo di parlare di ogni cosa in un lungo articolo, che già sto scrivendo (ma non so quanto ancora mi ci vuole).</description>
    </item>
    <item>
      <title>Nuove frontiere</title>
      <link>/it/blog/2022-09-23-Nuove-frontiere/</link>
      <pubDate>Fri, 23 Sep 2022 00:00:00 +0000</pubDate>
      <guid>/it/blog/2022-09-23-Nuove-frontiere/</guid>
      <description>Da quando qualche giorno fa l&amp;rsquo;ho scoperto. sto provando quell&amp;rsquo;epico software che è TiddlyWiki.&#xA;L&amp;rsquo;ho inizialmente trovato cercando qualcosa per organizzare note in formato ricco, da poter usare per la scuola, e che fosse ovviamente libero.&#xA;È un software di wiki, praticamente della stessa categoria di MediaWiki (il software su cui si basa Wikipedia), ma ha caratteristiche molto particolari.&#xA;Innanzitutto, non ha bisogno di un server, è una app che funziona in locale.</description>
    </item>
    <item>
      <title>Quando metto mano io spacc</title>
      <link>/it/blog/2022-09-18-Quando-metto-mano-io-spacc/</link>
      <pubDate>Sun, 18 Sep 2022 00:00:00 +0000</pubDate>
      <guid>/it/blog/2022-09-18-Quando-metto-mano-io-spacc/</guid>
      <description>Dall&amp;rsquo;altro giorno mi è, diciamo così, tornato alla mente il fatto che ho un Nintendo DSpacc nel cassetto.&#xA;Non mi vergogno ad ammettere che è in disuso, perché l&amp;rsquo;unica cosa a cui posso giocarci è Pokémon Rubino.&#xA;Ma mica perché è rimasto uno schermo solo! È perché..&#xA;Lo slot DS della console è rotto Non ho ben capito come, ma lo slot 1 si è rotto: alcuni pin sono semplicemente piegati, ma 2 sono proprio mancanti, e questi ultimi sfortunatamente sono alcuni degli importanti, non doppioni come quelli di terra.</description>
    </item>
    <item>
      <title>Che accade</title>
      <link>/it/blog/2022-09-11-Che-accade/</link>
      <pubDate>Sun, 11 Sep 2022 00:00:00 +0000</pubDate>
      <guid>/it/blog/2022-09-11-Che-accade/</guid>
      <description>Questi ultimi 7 giorni, davvero poco è stato detto o fatto qui sul sitoctt.&#xA;Ho creato questa sezione per usarla come diario generico, ma solo ora sto scrivendo qualcosa.&#xA;Innanzitutto, a me l&amp;rsquo;altro ieri è iniziata di nuovo la scuola.&#xA;È ancora troppo presto perché arrivi a rubarmi tempo di pomeriggio, ma la mattina comunque la storia è un po&amp;rsquo; quella che è. Così come anche il casino di quando si ricomincia è sempre lo stesso, con gli orari sballati e in generale ancora le vacanze per la testa.</description>
    </item>
    <item>
      <title>Archivi MicroBlog di Settembre 2019</title>
      <link>/it/blog/1-01-01-Archivi-MicroBlog-di-Settembre-2019/</link>
      <pubDate>Mon, 01 Jan 0001 00:00:00 +0000</pubDate>
      <guid>/it/blog/1-01-01-Archivi-MicroBlog-di-Settembre-2019/</guid>
      <description>#### [2019-09-18 20:58] Lagwei lazur &gt; A.y&amp;#x3A; ooooo &gt; ![Foto del Huawei di A.y, che sembra emettere un laser viola dal sensore di prossimità.](https://sitoctt-assets.octt.eu.org/Media/Misc/A.y-Huawei-Laser.avif) Octt: cosa ezere quel lazur viola&#xA;Octt: i misteri del lagwei&#xA;[&amp;hellip;] {: .Center }&#xA;A.y: esere sensore di prossimità&#xA;A.y: se tu spaca vetro sopra quelo&#xA;A.y: lo so per esperienza&#xA;no non è vero&#xA;#### [2019-09-17 15:16] Test più disparati con il Galaxy Player &gt; &amp;#x3A; Good Lagsung &gt; !</description>
    </item>
  </channel>
</rss>
