<?xml version="1.0" encoding="utf-8" standalone="yes"?>
<rss version="2.0" xmlns:atom="http://www.w3.org/2005/Atom">
  <channel>
    <title>Tecnología on ✨sitoctt✨</title>
    <link>/es/categories/Tecnolog%C3%ADa/</link>
    <description>Recent content in Tecnología on ✨sitoctt✨</description>
    <generator>Hugo</generator>
    <language>es</language>
    <lastBuildDate>Fri, 30 Jun 2023 00:00:00 +0000</lastBuildDate>
    <atom:link href="/es/categories/Tecnolog%C3%ADa/index.xml" rel="self" type="application/rss+xml" />
    <item>
      <title>☣️ La fealdad irresoluble del dock de Nintendo Switch (Parte I)</title>
      <link>/es/blog/2023-06-30-%EF%B8%8F-La-fealdad-irresoluble-del-dock-de-Nintendo-Switch-Parte-I/</link>
      <pubDate>Fri, 30 Jun 2023 00:00:00 +0000</pubDate>
      <guid>/es/blog/2023-06-30-%EF%B8%8F-La-fealdad-irresoluble-del-dock-de-Nintendo-Switch-Parte-I/</guid>
      <description>Precaución&#xA;El contenido de esta página ha sido íntegramente traducido por máquina al español, a partir de Italiano. Por lo tanto, puede contener errores de cualquier tipo.&#xA;Nota: Este artículo debería haber ilustrado primero los problemas con la base Switch, pero luego continuó y terminó con el desarrollo total de mi alternativa. solución. La primera parte fue bastante larga, sin embargo, y temo que pueda eclipsar la parte realmente importante, la de mi solución peligrosamente original.</description>
    </item>
    <item>
      <title>Cosecha de arroz</title>
      <link>/es/miscellanea/Cosecha-de-arroz/</link>
      <pubDate>Wed, 22 Mar 2023 00:00:00 +0000</pubDate>
      <guid>/es/miscellanea/Cosecha-de-arroz/</guid>
      <description>Precaución&#xA;El contenido de esta página ha sido íntegramente traducido por máquina al español, a partir de Italiano. Por lo tanto, puede contener errores de cualquier tipo.&#xA;Rice Collection - o, para decirlo más correctamente, colección de mis ricing: personalizaciones de interfaz realizadas en mis sistemas operativos.&#xA;En la comunidad de Linux, los términos &amp;ldquo;arroz&amp;rdquo; y &amp;ldquo;ricing&amp;rdquo; son comunes para referirse a una variedad de personalizaciones cosméticas de bricolaje que los aficionados realizan por diversas razones.</description>
    </item>
    <item>
      <title>⚡️ Blogs rápidos con notas estándar</title>
      <link>/es/blog/2022-12-13-%EF%B8%8F-Blogs-r%C3%A1pidos-con-notas-est%C3%A1ndar/</link>
      <pubDate>Tue, 13 Dec 2022 00:00:00 +0000</pubDate>
      <guid>/es/blog/2022-12-13-%EF%B8%8F-Blogs-r%C3%A1pidos-con-notas-est%C3%A1ndar/</guid>
      <description>Precaución&#xA;El contenido de esta página ha sido íntegramente traducido por máquina al español, a partir de Italiano. Por lo tanto, puede contener errores de cualquier tipo.&#xA;He estado usando Standard Notes como mi aplicación de notas personal desde hace mucho tiempo.&#xA;Hace años lo elegí por ser gratuito y de código abierto, pero al mismo tiempo muy limpio, ordenado y funcional. Encajaba perfectamente en un momento en el que buscaba algo que admitiera el cifrado de datos que funcionara, sin afectar la usabilidad.</description>
    </item>
    <item>
      <title>👾 Emulación NDS, Google Play y una historia oscura</title>
      <link>/es/blog/2022-07-27-Emulaci%C3%B3n-NDS-Google-Play-y-una-historia-oscura/</link>
      <pubDate>Wed, 27 Jul 2022 00:00:00 +0000</pubDate>
      <guid>/es/blog/2022-07-27-Emulaci%C3%B3n-NDS-Google-Play-y-una-historia-oscura/</guid>
      <description>Precaución&#xA;El contenido de esta página ha sido íntegramente traducido por máquina al español, a partir de Italiano. Por lo tanto, puede contener errores de cualquier tipo.&#xA;La Nintendo DS. Basta, no hace falta decir nada más; después de todo, entre los conocedores nos entendemos. Una consola que, hace 15 años, supo innovar el mercado con el mismo espíritu con el que innovó la Gameboy en su momento. Una consola cuyas exclusivas siguen siendo, aún hoy, perlas atemporales.</description>
    </item>
    <item>
      <title>💻 Cómo arreglé mi portátil (con 25€)</title>
      <link>/es/blog/2022-07-09-C%C3%B3mo-arregl%C3%A9-mi-port%C3%A1til-con-25/</link>
      <pubDate>Sat, 09 Jul 2022 00:00:00 +0000</pubDate>
      <guid>/es/blog/2022-07-09-C%C3%B3mo-arregl%C3%A9-mi-port%C3%A1til-con-25/</guid>
      <description>Precaución&#xA;El contenido de esta página ha sido íntegramente traducido por máquina al español, a partir de Italiano. Por lo tanto, puede contener errores de cualquier tipo.&#xA;Desde hace casi 7 años tengo un portátil Acer, Aspire V3-572G, sin duda ahora un poco viejo, sin elogios y con algo de infamia.&#xA;Cuando se compró, era esencialmente un portátil de gama media como cualquier otro, sin características destacables. Quiero decir, lo usé bastante y más o menos siempre hizo lo que se suponía que debía hacer, hasta que hace aproximadamente 2 años comencé a exigir el uso de juegos pesados ​​y herramientas de desarrollo, momento en el cual la nueva PC (de escritorio) era genial.</description>
    </item>
    <item>
      <title>⌨️ La idea de un teclado físico casero para teléfono inteligente</title>
      <link>/es/blog/2022-07-03-%EF%B8%8F-La-idea-de-un-teclado-f%C3%ADsico-casero-para-tel%C3%A9fono-inteligente/</link>
      <pubDate>Sun, 03 Jul 2022 00:00:00 +0000</pubDate>
      <guid>/es/blog/2022-07-03-%EF%B8%8F-La-idea-de-un-teclado-f%C3%ADsico-casero-para-tel%C3%A9fono-inteligente/</guid>
      <description>Precaución&#xA;El contenido de esta página ha sido íntegramente traducido por máquina al español, a partir de Italiano. Por lo tanto, puede contener errores de cualquier tipo.&#xA;Quizás hace un año, en parte por curiosidad y en parte porque ya imaginaba que podría haber sido algo conveniente, desarrollé un interés marginal por los smartphones equipados con teclados físicos completos.&#xA;No me refiero a los malditos teclados numéricos, que todavía se ven hoy en día en los teléfonos que no son inteligentes, me refiero a teclados con docenas de teclas individuales dedicadas a letras y símbolos.</description>
    </item>
    <item>
      <title>☀️ Rasperino Solare (y otros experimentos que salieron mal)</title>
      <link>/es/blog/2022-06-23-%EF%B8%8F-Rasperino-Solare-y-otros-experimentos-que-salieron-mal/</link>
      <pubDate>Thu, 23 Jun 2022 00:00:00 +0000</pubDate>
      <guid>/es/blog/2022-06-23-%EF%B8%8F-Rasperino-Solare-y-otros-experimentos-que-salieron-mal/</guid>
      <description>Precaución&#xA;El contenido de esta página ha sido íntegramente traducido por máquina al español, a partir de Italiano. Por lo tanto, puede contener errores de cualquier tipo.&#xA;Hace unos meses compré online un pequeño panel solar monocristalino, con unas dimensiones similares a las de una hoja A4, por unos 20€ (en Amazon.it los vendedores son todos unos ladrones, en Aliexpress habría costado un poco menos).&#xA;![Captura de pantalla de una foto enviada en el chat.</description>
    </item>
    <item>
      <title>Las ventajas inesperadas del dispositivo Linux</title>
      <link>/es/blog/2022-05-07-Las-ventajas-inesperadas-del-dispositivo-Linux/</link>
      <pubDate>Sat, 07 May 2022 00:00:00 +0000</pubDate>
      <guid>/es/blog/2022-05-07-Las-ventajas-inesperadas-del-dispositivo-Linux/</guid>
      <description>Precaución&#xA;El contenido de esta página ha sido íntegramente traducido por máquina al español, a partir de Italiano. Por lo tanto, puede contener errores de cualquier tipo.&#xA;Una cosa que hice hace meses y que, hasta ahora, ha demostrado ser una elección ganadora, fue instalar un sistema operativo basado en Linux, en modo persistente, en un pequeña memoria USB.&#xA;Las razones por las que quise hacerlo inicialmente son quizás simples y banales, pero me dio, tras un análisis cuidadoso, algunas ventajas inesperadas que fueron mucho más que bienvenidas.</description>
    </item>
  </channel>
</rss>
