<?xml version="1.0" encoding="utf-8" standalone="yes"?>
<rss version="2.0" xmlns:atom="http://www.w3.org/2005/Atom">
  <channel>
    <title>Linux on ✨sitoctt✨</title>
    <link>/fr/categories/Linux/</link>
    <description>Recent content in Linux on ✨sitoctt✨</description>
    <generator>Hugo</generator>
    <language>fr</language>
    <lastBuildDate>Sun, 01 Sep 2024 00:00:00 +0000</lastBuildDate>
    <atom:link href="/fr/categories/Linux/index.xml" rel="self" type="application/rss+xml" />
    <item>
      <title>🌽 Compilez et installez le noyau Linux à partir des sources</title>
      <link>/fr/note/2024-09-01-Compilez-et-installez-le-noyau-Linux-%C3%A0-partir-des-sources/</link>
      <pubDate>Sun, 01 Sep 2024 00:00:00 +0000</pubDate>
      <guid>/fr/note/2024-09-01-Compilez-et-installez-le-noyau-Linux-%C3%A0-partir-des-sources/</guid>
      <description>Prudence&#xA;Le contenu de cette page a été entièrement et automatiquement traduit en français, à partir de Italiano. Il peut donc contenir toutes sortes d&amp;rsquo;erreurs.&#xA;Ce n&#39;est pas souvent que de nouvelles idées viennent à l&#39;esprit, mais quand elles surviennent, elles sont toujours juste ce qu&#39;il faut de bizarre... Sans trop m&#39;éloigner, c&#39;est justement à cause de cette évolution des choses qu&#39;il y a des années, pour le première fois, je me suis retrouvé à compiler le noyau Linux à partir des sources — sur un Raspberry Pi 3 entre autres, ce que, avec le recul, je ne recommanderais pas — et maintenant, hier précisément, encore une autre fois, après des années (cette fois sur PC, heureusement ), dans un but que je ne gâcherai pas.</description>
    </item>
  </channel>
</rss>
