<?xml version="1.0" encoding="utf-8" standalone="yes"?>
<rss version="2.0" xmlns:atom="http://www.w3.org/2005/Atom">
  <channel>
    <title>🕹️ Colección de videojuegos on ✨sitoctt✨</title>
    <link>/es/miscellanea/raccolta-videogiochi/</link>
    <description>Recent content in 🕹️ Colección de videojuegos on ✨sitoctt✨</description>
    <generator>Hugo</generator>
    <language>es</language>
    <lastBuildDate>Sat, 01 Apr 2023 00:00:00 +0000</lastBuildDate>
    <atom:link href="/es/miscellanea/raccolta-videogiochi/index.xml" rel="self" type="application/rss+xml" />
    <item>
      <title>⛏️ Minecraft</title>
      <link>/es/miscellanea/raccolta-videogiochi/%EF%B8%8F-Minecraft/</link>
      <pubDate>Sat, 01 Apr 2023 00:00:00 +0000</pubDate>
      <guid>/es/miscellanea/raccolta-videogiochi/%EF%B8%8F-Minecraft/</guid>
      <description>Precaución&#xA;El contenido de esta página ha sido íntegramente traducido por máquina al español, a partir de Italiano. Por lo tanto, puede contener errores de cualquier tipo.&#xA;Creo que Minecraft se puede definir como el juego moderno (para bien o para mal) que desarrolla una complejidad potencialmente infinita a partir de premisas simples. En el buen sentido, obviamente: la complejidad impresiona y recompensa a quienes la buscan, pero el título sigue siendo jugable para cualquiera.</description>
    </item>
    <item>
      <title>🏃‍♀️ El borde del espejo</title>
      <link>/es/miscellanea/raccolta-videogiochi/%EF%B8%8F-El-borde-del-espejo/</link>
      <pubDate>Sat, 01 Apr 2023 00:00:00 +0000</pubDate>
      <guid>/es/miscellanea/raccolta-videogiochi/%EF%B8%8F-El-borde-del-espejo/</guid>
      <description>Precaución&#xA;El contenido de esta página ha sido íntegramente traducido por máquina al español, a partir de Italiano. Por lo tanto, puede contener errores de cualquier tipo.&#xA;De YouTube/2N1TJP1cxmo.&#xA;La mejor manera de describir Mirror&amp;rsquo;s Edge es decir que es un juego en constante movimiento. Literalmente, de pie en el borde del espejo, los bordes del enorme cristal del que están hechos los edificios de La Città, uno corre y salta sin frenos.</description>
    </item>
    <item>
      <title>💣 Buscaminas</title>
      <link>/es/miscellanea/raccolta-videogiochi/Buscaminas/</link>
      <pubDate>Tue, 28 Mar 2023 00:00:00 +0000</pubDate>
      <guid>/es/miscellanea/raccolta-videogiochi/Buscaminas/</guid>
      <description>Precaución&#xA;El contenido de esta página ha sido íntegramente traducido por máquina al español, a partir de Italiano. Por lo tanto, puede contener errores de cualquier tipo.&#xA;/* */#Cuerpo { Color: #000000; Antecedentes: #C0C0C0; }&#xA;/* */#Fondo { Color de fondo: #C0C0C0; Imagen de fondo: /linear-gradient(rgba(0, 0, 0, 0.5), rgba(0, 0, 0, 0.5)),/ url(&amp;lsquo;https://sitoctt-assets.octt.eu.org/Media/Buscaminas/ Ventana XP-www.techradar.com.webp&amp;rsquo;); Filtro: Desenfoque (5px); }&#xA;/**/#LeftBoxContainer, #RightBoxContainer { Color: #000000; }&#xA;/* */#Cuadro Principal { Antecedentes: RGBA(192, 192, 192, 0,80); Filtro de fondo: Desenfoque (5px); } En Buscaminas (en italiano oficialmente &amp;ldquo;Minefield&amp;rdquo;) tienes una cuadrícula de juego en la que se han colocado bombas aleatoriamente (mediante un algoritmo).</description>
    </item>
    <item>
      <title>🔢️ 2048</title>
      <link>/es/miscellanea/raccolta-videogiochi/%EF%B8%8F-2048/</link>
      <pubDate>Sun, 26 Mar 2023 00:00:00 +0000</pubDate>
      <guid>/es/miscellanea/raccolta-videogiochi/%EF%B8%8F-2048/</guid>
      <description>Precaución&#xA;El contenido de esta página ha sido íntegramente traducido por máquina al español, a partir de Italiano. Por lo tanto, puede contener errores de cualquier tipo.&#xA;/* */#Cuerpo { Color: #FFFFFF; Antecedentes: #000000; }&#xA;/* */#Fondo { Color de fondo: #000000; Imagen de fondo: url(&amp;lsquo;https://sitoctt-assets.octt.eu.org/Media/2048/yandex.com-games-app-176908.jpg&amp;rsquo;); Filtro: Desenfoque (5px); }&#xA;//#LeftBoxContainer, #RightBoxContainer { Color: #FFFFFF; } //#MainBoxTop, #BuildTimeLine { Color: revertir; }&#xA;h1, h2, h3, h4, h5, h6 {color: #e090e0; }</description>
    </item>
    <item>
      <title>#️⃣️ Nonograma</title>
      <link>/es/miscellanea/raccolta-videogiochi/%23%EF%B8%8F%E2%83%A3%EF%B8%8F-Nonograma/</link>
      <pubDate>Wed, 22 Mar 2023 00:00:00 +0000</pubDate>
      <guid>/es/miscellanea/raccolta-videogiochi/%23%EF%B8%8F%E2%83%A3%EF%B8%8F-Nonograma/</guid>
      <description>Precaución&#xA;El contenido de esta página ha sido íntegramente traducido por máquina al español, a partir de Italiano. Por lo tanto, puede contener errores de cualquier tipo.&#xA;/* */#Cuerpo { Color: #000000; Antecedentes: #CCF; }&#xA;/* */#Fondo { Color de fondo: #CCF; Imagen de fondo: url(&amp;lsquo;https://sitoctt-assets.octt.eu.org/Media/Nonogram/stock.adobe.com-323111281.jpg&amp;rsquo;); Filtro: Desenfoque (5px); }&#xA;/**/#LeftBoxContainer, #RightBoxContainer { Color: #000000; } /* */#Cuadro Principal { Antecedentes: RGBA (204, 204, 255, 0,80); filtro de fondo: Desenfoque (5px); } Nonogram (también conocido como Picross, Crucipixel y una veintena de nombres más) son rompecabezas que consisten en rellenar una cuadrícula de cuadrados para revelar una imagen, utilizando los números de los lados.</description>
    </item>
    <item>
      <title>✈️ Pilotwings</title>
      <link>/es/miscellanea/raccolta-videogiochi/%EF%B8%8F-Pilotwings/</link>
      <pubDate>Mon, 01 Jan 0001 00:00:00 +0000</pubDate>
      <guid>/es/miscellanea/raccolta-videogiochi/%EF%B8%8F-Pilotwings/</guid>
      <description>Precaución&#xA;El contenido de esta página ha sido íntegramente traducido por máquina al español, a partir de Italiano. Por lo tanto, puede contener errores de cualquier tipo.&#xA;Resort Pilotwings Pilotwings Resort continúa la serie de simulación de vuelo arcade Pilotwings de una manera diferente. Termina en una consola portátil, la 3DS, entre otras cosas una consola que consigue atraparte directamente, con su pantalla 3D estereoscópica. El juego está ambientado en la isla Wuhu, el mismo lugar lleno de historia, ubicaciones y misterios que Wii Sports Resort.</description>
    </item>
    <item>
      <title>🍃 Animal Crossing</title>
      <link>/es/miscellanea/raccolta-videogiochi/Animal-Crossing/</link>
      <pubDate>Mon, 01 Jan 0001 00:00:00 +0000</pubDate>
      <guid>/es/miscellanea/raccolta-videogiochi/Animal-Crossing/</guid>
      <description>Precaución&#xA;El contenido de esta página ha sido íntegramente traducido por máquina al español, a partir de Italiano. Por lo tanto, puede contener errores de cualquier tipo.&#xA;Las premisas eran creativas, pero aburridas: eres un ser humano que, por alguna razón, emprende un viaje para instalarse en un pueblo donde viven animales humanoides con los que puedes interactuar. Mientras tanto, tendrás que endeudarte con un mapache que te vende la casa nueva a un precio muy alto, y hacer lo que puedas para pagarla, con tiempos que pueden llegar a ser infinitos.</description>
    </item>
    <item>
      <title>🎩 Un sombrero en el tiempo</title>
      <link>/es/miscellanea/raccolta-videogiochi/Un-sombrero-en-el-tiempo/</link>
      <pubDate>Mon, 01 Jan 0001 00:00:00 +0000</pubDate>
      <guid>/es/miscellanea/raccolta-videogiochi/Un-sombrero-en-el-tiempo/</guid>
      <description>Precaución&#xA;El contenido de esta página ha sido íntegramente traducido por máquina al español, a partir de Italiano. Por lo tanto, puede contener errores de cualquier tipo.&#xA;Animado y frenético juego de plataformas en 3D, sin duda procedente de la escuela de Super Mario 64. La dificultad de la historia principal es correcta y el juego fluye agradablemente con una alternancia de temas y entornos que siempre resulta fresco.</description>
    </item>
    <item>
      <title>🐙 Splatoon</title>
      <link>/es/miscellanea/raccolta-videogiochi/Splatoon/</link>
      <pubDate>Mon, 01 Jan 0001 00:00:00 +0000</pubDate>
      <guid>/es/miscellanea/raccolta-videogiochi/Splatoon/</guid>
      <description>Precaución&#xA;El contenido de esta página ha sido íntegramente traducido por máquina al español, a partir de Italiano. Por lo tanto, puede contener errores de cualquier tipo.&#xA;Un shooter en tercera persona que decir que es diferente de los demás es quedarse corto. Splatoon rompe las expectativas de realismo bélico del género y presenta una jugabilidad linda y deslumbrantemente colorida que nunca descansa. No hay humanos disparando balas con hierro, sino calamares derramando tinta.</description>
    </item>
    <item>
      <title>🏎️ SuperTuxKart</title>
      <link>/es/miscellanea/raccolta-videogiochi/%EF%B8%8F-SuperTuxKart/</link>
      <pubDate>Mon, 01 Jan 0001 00:00:00 +0000</pubDate>
      <guid>/es/miscellanea/raccolta-videogiochi/%EF%B8%8F-SuperTuxKart/</guid>
      <description>Precaución&#xA;El contenido de esta página ha sido íntegramente traducido por máquina al español, a partir de Italiano. Por lo tanto, puede contener errores de cualquier tipo.&#xA;Un juego de carreras de karts con entornos simpáticos y originales, y con muchas mascotas del mundo del software libre como personajes. Dispone de diferentes modos de juego, desde carreras clásicas hasta misiones con objetivos concretos, en solitario o multijugador. ¡En cierto modo tiene más que Mario Kart!</description>
    </item>
    <item>
      <title>🧗‍♀️ Celeste</title>
      <link>/es/miscellanea/raccolta-videogiochi/%EF%B8%8F-Celeste/</link>
      <pubDate>Mon, 01 Jan 0001 00:00:00 +0000</pubDate>
      <guid>/es/miscellanea/raccolta-videogiochi/%EF%B8%8F-Celeste/</guid>
      <description>Precaución&#xA;El contenido de esta página ha sido íntegramente traducido por máquina al español, a partir de Italiano. Por lo tanto, puede contener errores de cualquier tipo.&#xA;Celeste es un pequeño juego de plataformas simpático, con una mecánica original y un estilo gráfico único. Pero es demasiado difícil.&#xA;Intenté jugarlo muchas veces, pero en cierto punto de la historia la dificultad se volvió demasiado alta para mí. Quizás debería intentar terminarlo en modo guiado, ya que la opción está ahí.</description>
    </item>
    <item>
      <title>🧱Tetris</title>
      <link>/es/miscellanea/raccolta-videogiochi/Tetris/</link>
      <pubDate>Mon, 01 Jan 0001 00:00:00 +0000</pubDate>
      <guid>/es/miscellanea/raccolta-videogiochi/Tetris/</guid>
      <description>Precaución&#xA;El contenido de esta página ha sido íntegramente traducido por máquina al español, a partir de Italiano. Por lo tanto, puede contener errores de cualquier tipo.&#xA;El juego creado específicamente para hacer que las personas encajen cuadrados de formas particulares que caen del cielo.&#xA;Juego de puzles muy particular por su sencillez donde, a medida que aumenta la dificultad del juego, la falta de reflejos rápidos puede provocar que la partida termine antes de tiempo.</description>
    </item>
  </channel>
</rss>
