<?xml version="1.0" encoding="utf-8" standalone="yes"?>
<rss version="2.0" xmlns:atom="http://www.w3.org/2005/Atom">
  <channel>
    <title>Rasperino on ✨sitoctt✨</title>
    <link>/es/categories/Rasperino/</link>
    <description>Recent content in Rasperino on ✨sitoctt✨</description>
    <generator>Hugo</generator>
    <language>es</language>
    <lastBuildDate>Sat, 28 Jan 2023 00:00:00 +0000</lastBuildDate>
    <atom:link href="/es/categories/Rasperino/index.xml" rel="self" type="application/rss+xml" />
    <item>
      <title>🤯 Cuando los problemas de hardware se vuelven mentales (maldito Raspino)</title>
      <link>/es/blog/2023-01-28-Cuando-los-problemas-de-hardware-se-vuelven-mentales-maldito-Raspino/</link>
      <pubDate>Sat, 28 Jan 2023 00:00:00 +0000</pubDate>
      <guid>/es/blog/2023-01-28-Cuando-los-problemas-de-hardware-se-vuelven-mentales-maldito-Raspino/</guid>
      <description>Precaución&#xA;El contenido de esta página ha sido íntegramente traducido por máquina al español, a partir de Italiano. Por lo tanto, puede contener errores de cualquier tipo.&#xA;Hasta ahora, hace 2 meses, mi reino de Rasperino estaba en su máximo esplendor: la instancia de Misskey, creada apenas 2 semanas antes, iba muy bien, y a estas alturas (casi ) todo parecía destinado a seguir bien&amp;hellip; Y en cambio, surgieron problemas.</description>
    </item>
    <item>
      <title>☀️ Rasperino Solare (y otros experimentos que salieron mal)</title>
      <link>/es/blog/2022-06-23-%EF%B8%8F-Rasperino-Solare-y-otros-experimentos-que-salieron-mal/</link>
      <pubDate>Thu, 23 Jun 2022 00:00:00 +0000</pubDate>
      <guid>/es/blog/2022-06-23-%EF%B8%8F-Rasperino-Solare-y-otros-experimentos-que-salieron-mal/</guid>
      <description>Precaución&#xA;El contenido de esta página ha sido íntegramente traducido por máquina al español, a partir de Italiano. Por lo tanto, puede contener errores de cualquier tipo.&#xA;Hace unos meses compré online un pequeño panel solar monocristalino, con unas dimensiones similares a las de una hoja A4, por unos 20€ (en Amazon.it los vendedores son todos unos ladrones, en Aliexpress habría costado un poco menos).&#xA;![Captura de pantalla de una foto enviada en el chat.</description>
    </item>
  </channel>
</rss>
