<?xml version="1.0" encoding="utf-8" standalone="yes"?>
<rss version="2.0" xmlns:atom="http://www.w3.org/2005/Atom">
  <channel>
    <title>Fritto-Misto on ✨sitoctt✨</title>
    <link>/it/categories/Fritto-Misto/</link>
    <description>Recent content in Fritto-Misto on ✨sitoctt✨</description>
    <generator>Hugo</generator>
    <language>it</language>
    <atom:link href="/it/categories/Fritto-Misto/index.xml" rel="self" type="application/rss+xml" />
    <item>
      <title>🎶 Raccolta Musica</title>
      <link>/it/miscellanea/Raccolta-Musica/</link>
      <pubDate>Mon, 01 Jan 0001 00:00:00 +0000</pubDate>
      <guid>/it/miscellanea/Raccolta-Musica/</guid>
      <description>In costruzione&amp;hellip;&#xA;Macross 82-99&#xA;Principalmente musica del filone future-funk, sottogenere della vaporwave con un timbro più ritmato e carino. Ogni album ha dei temi sonori diversi, con rimandi alla cultura pop giapponese degli anni &amp;lsquo;80 e &amp;lsquo;90. Bene o male tutte le sue canzoni riescono ad essere molto calme e rilassanti.&#xA;• SoundCloud, YouTube, Bandcamp, Archive.org&#xA;Moe Shop&#xA;Canzoni per la maggiore vivaci, con un&amp;rsquo;atmosfera, per così dire, anime. Le copertine degli album penso si sposino parecchio bene con la sua musica.</description>
    </item>
    <item>
      <title>Carte QR</title>
      <link>/it/miscellanea/Carte-QR/</link>
      <pubDate>Mon, 01 Jan 0001 00:00:00 +0000</pubDate>
      <guid>/it/miscellanea/Carte-QR/</guid>
      <description>Ecco un&amp;rsquo;idea che mi saltò in mente verso inizio 2022, non so bene perché. O meglio, era un periodino in cui mi stavo interessando al concetto di usare la carta come mezzo di archiviazione di piccoli dati informatici, ma non so perché iniziai a provare questo gusto.&#xA;Da lì, mi venne un&amp;rsquo;idea particolarmente specifica: conservare piccoli programmini o demo su delle ugualmente piccole schede di carta. Ho optato da subito (e ancora adesso la ritengo una buona scelta) per il formato di biglietto da visita dell&amp;rsquo;Europa occidentale, ossia 85x55 millimetri: è standardizzato ed elegante, con una buona area rettangolare e un buon rapporto tra l&amp;rsquo;uno e l&amp;rsquo;altro lato.</description>
    </item>
    <item>
      <title>Raccolta Cose a Caso</title>
      <link>/it/miscellanea/Raccolta-Cose-a-Caso/</link>
      <pubDate>Mon, 01 Jan 0001 00:00:00 +0000</pubDate>
      <guid>/it/miscellanea/Raccolta-Cose-a-Caso/</guid>
      <description>Questa è letteralmente una raccolta di cose a caso, trovate in giro per Internet oppure in archivi strani nel mio PC. Non aspettarti che ci sia un contesto comprensibile in nessuna delle cose&amp;hellip;&#xA;The Misery (Origine e Licenza del video: Sconosciute)&#xA;[2019-10-28 10:26] APKPure, uno store di app Android, integra per qualche motivo funzioni social. E questo è un post che trovai tanti anni fa a caso. Boh, mi fa ridere.</description>
    </item>
  </channel>
</rss>
