<?xml version="1.0" encoding="utf-8" standalone="yes"?>
<rss version="2.0" xmlns:atom="http://www.w3.org/2005/Atom">
  <channel>
    <title>📒 Old MicroBlogs on ✨sitoctt✨</title>
    <link>/en/categories/MicroBlog/</link>
    <description>Recent content in 📒 Old MicroBlogs on ✨sitoctt✨</description>
    <generator>Hugo</generator>
    <language>en</language>
    <lastBuildDate>Thu, 20 Oct 2022 00:00:00 +0000</lastBuildDate>
    <atom:link href="/en/categories/MicroBlog/index.xml" rel="self" type="application/rss+xml" />
    <item>
      <title>DSpacc Updates - Cursed Key</title>
      <link>/en/blog/2022-10-20-DSpacc-Updates-Cursed-Key/</link>
      <pubDate>Thu, 20 Oct 2022 00:00:00 +0000</pubDate>
      <guid>/en/blog/2022-10-20-DSpacc-Updates-Cursed-Key/</guid>
      <description>Caution&#xA;The content of this page has been entirely machine-translated into English, from Italiano. Therefore, it might contain any kind of errors.&#xA;A month ago, in the [post of October 18](./2022-09-18- Quando-Metto-Mano-Io-Spacc.html), I briefly said that it was the DSpacc, and what a new mess I had caused.&#xA;Well, this time I did even worse; to understand the proportions, it is good to brush up on what I had written for a second.</description>
    </item>
    <item>
      <title>New frontiers</title>
      <link>/en/blog/1-01-01-New-frontiers/</link>
      <pubDate>Mon, 01 Jan 0001 00:00:00 +0000</pubDate>
      <guid>/en/blog/1-01-01-New-frontiers/</guid>
      <description>Caution&#xA;The content of this page has been entirely machine-translated into English, from Italiano. Therefore, it might contain any kind of errors.&#xA;Since I discovered it a few days ago. I&amp;rsquo;m trying that epic software that is TiddlyWiki.&#xA;I initially found it while looking for something to organize notes in a rich format, that I could use for school, and that was obviously free.&#xA;It is a wiki software, practically in the same category as MediaWiki (the software on which Wikipedia is based), but it has very particular characteristics.</description>
    </item>
    <item>
      <title>September 2019 MicroBlog Archives</title>
      <link>/en/blog/1-01-01-September-2019-MicroBlog-Archives/</link>
      <pubDate>Mon, 01 Jan 0001 00:00:00 +0000</pubDate>
      <guid>/en/blog/1-01-01-September-2019-MicroBlog-Archives/</guid>
      <description>Caution&#xA;The content of this page has been entirely machine-translated into English, from Italiano. Therefore, it might contain any kind of errors.&#xA;#### [2019-09-18 20:58] Lagwei lazur &gt; A.y: ooooo &gt; ![Photo of A.y&#39;s Huawei, which appears to emit a purple laser from the proximity sensor.](https://sitoctt-assets.octt.eu.org/Media/Misc/A.y-Huawei-Laser.avif) Octt: what to eze that purple lazur&#xA;Oct: the mysteries of lagwei&#xA;[&amp;hellip;] {: .Center }&#xA;A.y: be proximity sensor&#xA;A.y: if you smash glass over that</description>
    </item>
    <item>
      <title>What&#39;s happening</title>
      <link>/en/blog/1-01-01-Whats-happening/</link>
      <pubDate>Mon, 01 Jan 0001 00:00:00 +0000</pubDate>
      <guid>/en/blog/1-01-01-Whats-happening/</guid>
      <description>Caution&#xA;The content of this page has been entirely machine-translated into English, from Italiano. Therefore, it might contain any kind of errors.&#xA;These last 7 days, very little has been said or done here on the ctt site.&#xA;I created this section to use as a general journal, but I&amp;rsquo;m just now writing something.&#xA;First of all, school started again the day before yesterday for me.&#xA;It&amp;rsquo;s still too early for it to steal my time in the afternoon, but in the morning the story is a bit what it is.</description>
    </item>
    <item>
      <title>When I get my hands on I rock</title>
      <link>/en/blog/1-01-01-When-I-get-my-hands-on-I-rock/</link>
      <pubDate>Mon, 01 Jan 0001 00:00:00 +0000</pubDate>
      <guid>/en/blog/1-01-01-When-I-get-my-hands-on-I-rock/</guid>
      <description>Caution&#xA;The content of this page has been entirely machine-translated into English, from Italiano. Therefore, it might contain any kind of errors.&#xA;The other day I was, let&amp;rsquo;s say, reminded of the fact that I have a Nintendo DSpacc in my drawer.&#xA;I&amp;rsquo;m not ashamed to admit that it&amp;rsquo;s disused, because the only thing I can play with it is Pokémon Ruby.&#xA;But not because there is only one screen left!</description>
    </item>
  </channel>
</rss>
