<?xml version="1.0" encoding="utf-8" standalone="yes"?>
<rss version="2.0" xmlns:atom="http://www.w3.org/2005/Atom">
  <channel>
    <title>Categories on ✨sitoctt✨</title>
    <link>/fr/categories/</link>
    <description>Recent content in Categories on ✨sitoctt✨</description>
    <generator>Hugo</generator>
    <language>fr</language>
    <lastBuildDate>Sun, 01 Sep 2024 00:00:00 +0000</lastBuildDate>
    <atom:link href="/fr/categories/index.xml" rel="self" type="application/rss+xml" />
    <item>
      <title>Linux</title>
      <link>/fr/categories/Linux/</link>
      <pubDate>Sun, 01 Sep 2024 00:00:00 +0000</pubDate>
      <guid>/fr/categories/Linux/</guid>
      <description></description>
    </item>
    <item>
      <title>Internet</title>
      <link>/fr/categories/Internet/</link>
      <pubDate>Wed, 28 Aug 2024 00:00:00 +0000</pubDate>
      <guid>/fr/categories/Internet/</guid>
      <description></description>
    </item>
    <item>
      <title>Jeux</title>
      <link>/fr/categories/Jeux/</link>
      <pubDate>Tue, 17 Oct 2023 00:00:00 +0000</pubDate>
      <guid>/fr/categories/Jeux/</guid>
      <description></description>
    </item>
    <item>
      <title>Bricolage</title>
      <link>/fr/categories/Bricolage/</link>
      <pubDate>Fri, 15 Sep 2023 00:00:00 +0000</pubDate>
      <guid>/fr/categories/Bricolage/</guid>
      <description></description>
    </item>
    <item>
      <title>Technologie</title>
      <link>/fr/categories/Technologie/</link>
      <pubDate>Fri, 30 Jun 2023 00:00:00 +0000</pubDate>
      <guid>/fr/categories/Technologie/</guid>
      <description></description>
    </item>
    <item>
      <title>Administrateur Système</title>
      <link>/fr/categories/Administrateur-syst%C3%A8me/</link>
      <pubDate>Sat, 28 Jan 2023 00:00:00 +0000</pubDate>
      <guid>/fr/categories/Administrateur-syst%C3%A8me/</guid>
      <description></description>
    </item>
    <item>
      <title>Rasperino</title>
      <link>/fr/categories/Rasperino/</link>
      <pubDate>Sat, 28 Jan 2023 00:00:00 +0000</pubDate>
      <guid>/fr/categories/Rasperino/</guid>
      <description></description>
    </item>
    <item>
      <title>MicroBlog</title>
      <link>/fr/categories/MicroBlog/</link>
      <pubDate>Sun, 16 Oct 2022 00:00:00 +0000</pubDate>
      <guid>/fr/categories/MicroBlog/</guid>
      <description></description>
    </item>
    <item>
      <title>Mobile</title>
      <link>/fr/categories/Mobile/</link>
      <pubDate>Wed, 27 Jul 2022 00:00:00 +0000</pubDate>
      <guid>/fr/categories/Mobile/</guid>
      <description></description>
    </item>
    <item>
      <title>Ecologie</title>
      <link>/fr/categories/Ecologie/</link>
      <pubDate>Sat, 09 Jul 2022 00:00:00 +0000</pubDate>
      <guid>/fr/categories/Ecologie/</guid>
      <description></description>
    </item>
    <item>
      <title>Frit-Mélangé</title>
      <link>/fr/categories/Frit-M%C3%A9lang%C3%A9/</link>
      <pubDate>Mon, 01 Jan 0001 00:00:00 +0000</pubDate>
      <guid>/fr/categories/Frit-M%C3%A9lang%C3%A9/</guid>
      <description></description>
    </item>
  </channel>
</rss>
