<?xml version="1.0" encoding="utf-8" standalone="yes"?>
<rss version="2.0" xmlns:atom="http://www.w3.org/2005/Atom">
  <channel>
    <title>Móviles on ✨sitoctt✨</title>
    <link>/es/categories/M%C3%B3viles/</link>
    <description>Recent content in Móviles on ✨sitoctt✨</description>
    <generator>Hugo</generator>
    <language>es</language>
    <lastBuildDate>Fri, 29 Jul 2022 00:00:00 +0000</lastBuildDate>
    <atom:link href="/es/categories/M%C3%B3viles/index.xml" rel="self" type="application/rss+xml" />
    <item>
      <title>👾 Emulación NDS, Google Play y una historia oscura</title>
      <link>/es/blog/2022-07-27-Emulaci%C3%B3n-NDS-Google-Play-y-una-historia-oscura/</link>
      <pubDate>Wed, 27 Jul 2022 00:00:00 +0000</pubDate>
      <guid>/es/blog/2022-07-27-Emulaci%C3%B3n-NDS-Google-Play-y-una-historia-oscura/</guid>
      <description>Precaución&#xA;El contenido de esta página ha sido íntegramente traducido por máquina al español, a partir de Italiano. Por lo tanto, puede contener errores de cualquier tipo.&#xA;La Nintendo DS. Basta, no hace falta decir nada más; después de todo, entre los conocedores nos entendemos. Una consola que, hace 15 años, supo innovar el mercado con el mismo espíritu con el que innovó la Gameboy en su momento. Una consola cuyas exclusivas siguen siendo, aún hoy, perlas atemporales.</description>
    </item>
  </channel>
</rss>
