<?xml version="1.0" encoding="utf-8" standalone="yes"?>
<rss version="2.0" xmlns:atom="http://www.w3.org/2005/Atom">
  <channel>
    <title>Gaming on ✨sitoctt✨</title>
    <link>/it/categories/Gaming/</link>
    <description>Recent content in Gaming on ✨sitoctt✨</description>
    <generator>Hugo</generator>
    <language>it</language>
    <lastBuildDate>Fri, 20 Sep 2024 00:00:00 +0000</lastBuildDate>
    <atom:link href="/it/categories/Gaming/index.xml" rel="self" type="application/rss+xml" />
    <item>
      <title>🕹️ Raccolta Videogiochi</title>
      <link>/it/miscellanea/raccolta-videogiochi/</link>
      <pubDate>Fri, 20 Sep 2024 00:00:00 +0000</pubDate>
      <guid>/it/miscellanea/raccolta-videogiochi/</guid>
      <description>Perché non fare una raccolta per parlare, un po&amp;rsquo; in breve, dei videogiochi che apprezzo? Magari, riuscendo a puntare i riflettori anche su qualche esperienza videoludica mezza sconosciuta che però dovrebbe meritare molto di più. E non è da escludere che in futuro, trovando ispirazione, potrei prendere e scrivere degli articoli lunghi e approfonditi su alcuni dei giochi che qui, per iniziare, lodo sempre in modo breve.&#xA;Per ogni gioco, oltre ad una breve recensione condita con qualche opinione, cercherò di includere anche del materiale multimediale (foto, video, e musica).</description>
    </item>
    <item>
      <title>🔉️ Output audio in contemporanea HDMI&#43;analogico su Raspberry Pi con ALSA</title>
      <link>/it/note/2024-09-19-%EF%B8%8F-Output-audio-in-contemporanea-HDMI-analogico-su-Raspberry-Pi-con-ALSA/</link>
      <pubDate>Thu, 19 Sep 2024 00:00:00 +0000</pubDate>
      <guid>/it/note/2024-09-19-%EF%B8%8F-Output-audio-in-contemporanea-HDMI-analogico-su-Raspberry-Pi-con-ALSA/</guid>
      <description>Nella mia nuova missione per integrare, sotto forma di console da retrogaming casalinga, un qualsiasi computer che funzioni con una configurazione ben consolidata con RetroArch, e che mi permetta di giocare passando ROM e salvataggi tra diversi dispositivi&amp;hellip; il Raspberry Pi, con installata la distro Linux RetroPie, è saltato fuori come pezzo ideale del puzzle.&#xA;Senza divagare sulla faccenda in sé, per cui ho invece più informazioni sul mio MicroBlog (https://octospacc.</description>
    </item>
    <item>
      <title>🚀 LIBERTY WINGS: un Breve RPG sulla Libertà (Recensione)</title>
      <link>/it/blog/2024-04-07-LIBERTY-WINGS-un-Breve-RPG-sulla-Libert%C3%A0-Recensione/</link>
      <pubDate>Sun, 07 Apr 2024 00:00:00 +0000</pubDate>
      <guid>/it/blog/2024-04-07-LIBERTY-WINGS-un-Breve-RPG-sulla-Libert%C3%A0-Recensione/</guid>
      <description>Proprio l&amp;rsquo;altro ieri si è conclusa una game jam, cioè una competizione (online) di sviluppo di videogiochi, basata sul creare qualcosa utilizzando RPG Maker 95, una versione vecchissima della serie in questione di motori di gioco. &amp;hellip;Non è stata ben pubblicizzata, a quanto pare? Perché cercando sul web non trovo uno straccio di pagina di annuncio o che raccolga i lavori. Peccato.&#xA;Ad ogni modo, un creatore che seguo ha preso parte alla competizione, e quindi mi è capitato di giocare la sua creazione.</description>
    </item>
    <item>
      <title>2️⃣ Gaming sincronizzato tra PlayStation 2 e smartphone</title>
      <link>/it/note/2023-10-17-2%EF%B8%8F%E2%83%A3-Gaming-sincronizzato-tra-PlayStation-2-e-smartphone/</link>
      <pubDate>Tue, 17 Oct 2023 00:00:00 +0000</pubDate>
      <guid>/it/note/2023-10-17-2%EF%B8%8F%E2%83%A3-Gaming-sincronizzato-tra-PlayStation-2-e-smartphone/</guid>
      <description>Chi segue le mie avventure da abbastanza tempo e con dovuta attenzione forse lo sa, ma il più grande problema dell&amp;rsquo;informatica è: come conciliare bene le discrepanze che si vengono a creare quando ci si pone il problema di videogiocare sia a casa che in portatilità? Tra giochi che in un caso sono comodi da giocare e in un altro magari nemmeno girano, e i salvataggi che si spargono per innumerevoli dispositivi diversi, risolvere questo problema in toto non sarà mai possibile&amp;hellip;</description>
    </item>
    <item>
      <title>☣️ Le brutture irrisolvibili della dock di Nintendo Switch (Parte I)</title>
      <link>/it/blog/2023-06-30-%EF%B8%8F-Le-brutture-irrisolvibili-della-dock-di-Nintendo-Switch-Parte-I/</link>
      <pubDate>Fri, 30 Jun 2023 00:00:00 +0000</pubDate>
      <guid>/it/blog/2023-06-30-%EF%B8%8F-Le-brutture-irrisolvibili-della-dock-di-Nintendo-Switch-Parte-I/</guid>
      <description>Nota: questo articolo avrebbe dovuto si in primo luogo illustrare i problemi della dock di Switch, ma poi continuare e terminare con lo sviluppo totale della mia soluzione alternativa. La prima parte è venuta bella lunga, però, e ho paura che possa eclissare quella veramente importante, quella della mia soluzione pericolosamente originale. Quindi, in questo articolo parlo solo delle mie rogne; quello che uscirà in seguito sarà dedicato al mio fai-da-te.</description>
    </item>
    <item>
      <title>⛏️ Minecraft</title>
      <link>/it/miscellanea/raccolta-videogiochi/%EF%B8%8F-Minecraft/</link>
      <pubDate>Sat, 01 Apr 2023 00:00:00 +0000</pubDate>
      <guid>/it/miscellanea/raccolta-videogiochi/%EF%B8%8F-Minecraft/</guid>
      <description>Credo si possa definire Minecraft come il gioco moderno (bene o male) che da semplici premesse sviluppa complessità potenzialmente infinita. In senso buono, ovviamente: la complessità va a colpire e a premiare chi la cerca, ma il titolo resta giocabile per chiunque.&#xA;All&amp;rsquo;inizio è fare &amp;ldquo;case&amp;rdquo; che sono buchi 4x4 sotto terra, ma dopo diventa creare installazioni titaniche, puramente estetiche o anche totalmente funzionali - non dimentichiamo che Minecraft, con la sua pietrarossa, è Turing-complete.</description>
    </item>
    <item>
      <title>🏃‍♀️ Mirror&#39;s Edge</title>
      <link>/it/miscellanea/raccolta-videogiochi/%EF%B8%8F-Mirrors-Edge/</link>
      <pubDate>Sat, 01 Apr 2023 00:00:00 +0000</pubDate>
      <guid>/it/miscellanea/raccolta-videogiochi/%EF%B8%8F-Mirrors-Edge/</guid>
      <description>https://youtu.be/2N1TJP1cxmo Il modo migliore per definire Mirror&amp;rsquo;s Edge è dire che è un gioco in costante movimento. Stando letteralmente sul bordo dello specchio, i bordi degli enormi vetri di cui sono formati i palazzoni de La Città, si corre e si salta senza alcun freno.&#xA;L&amp;rsquo;elemento parkour del gioco è estremamente immersivo; per quanto io noe abbia giocato per abbastanza tempo il primo gioco della serie, ma soltanto il secondo, Mirror&amp;rsquo;s Edge: Catalyst, di quest&amp;rsquo;ultimo posso raccontare di un&amp;rsquo;esperienza magica.</description>
    </item>
    <item>
      <title>💣 Minesweeper</title>
      <link>/it/miscellanea/raccolta-videogiochi/Minesweeper/</link>
      <pubDate>Tue, 28 Mar 2023 00:00:00 +0000</pubDate>
      <guid>/it/miscellanea/raccolta-videogiochi/Minesweeper/</guid>
      <description>In Minesweeper (in italiano ufficialmente &amp;ldquo;Campo minato&amp;rdquo;) si ha una griglia di gioco in cui sono state posizionate casualmente (da un algoritmo) delle bombe. Per vincere, bisogna individuarle tutte senza farne esplodere nessuna.&#xA;Le regole sono semplici, ma il gioco raggiunge facilmente alti livelli di complessità ed ha un non-so-che di cui non si riesce a fare a meno.&#xA;Se hai vinto una partita, vuoi tornare nel gioco subito, nella (a lungo andare giusta) speranza di poter fare anche di meglio, di riuscire a completare la tavola in appena quel secondo di tempo in meno.</description>
    </item>
    <item>
      <title>🔢️ 2048</title>
      <link>/it/miscellanea/raccolta-videogiochi/%EF%B8%8F-2048/</link>
      <pubDate>Sun, 26 Mar 2023 00:00:00 +0000</pubDate>
      <guid>/it/miscellanea/raccolta-videogiochi/%EF%B8%8F-2048/</guid>
      <description>2048 è un semplice giochino puzzle in cui si ha una griglia di piastrelle numerate, generate casualmente, che si può far scorrere interamente in una delle quattro direzioni. Tutti i numeri sono potenze di 2, e numeri uguali che si scontrano vanno a sommarsi per diventare il loro doppio.&#xA;Se si arriva, a furia di far sommare le piastrelle, a 2048, si vince una partita, che però può andare avanti anche oltre.</description>
    </item>
    <item>
      <title>#️⃣️ Nonogram</title>
      <link>/it/miscellanea/raccolta-videogiochi/%23%EF%B8%8F%E2%83%A3%EF%B8%8F-Nonogram/</link>
      <pubDate>Wed, 22 Mar 2023 00:00:00 +0000</pubDate>
      <guid>/it/miscellanea/raccolta-videogiochi/%23%EF%B8%8F%E2%83%A3%EF%B8%8F-Nonogram/</guid>
      <description> I Nonogram (conosciuti anche come Picross, Crucipixel, e un&amp;rsquo;altra ventina di nomi) sono dei puzzle che consistono nel riempire una griglia di quadratini al fine di svelare un&amp;rsquo;immagine, utilizzando i numeri ai lati del foglio per trovare intersezioni tra righe e colonne.&#xA;WIP&amp;hellip; Se vuoi scoprire altre cosine o imparare a giocare, leggi su Wikipedia.&#xA;🏷️ Note e Riferimenti </description>
    </item>
    <item>
      <title>🎮 Storia antica del DSpacc</title>
      <link>/it/blog/2022-10-31-Storia-antica-del-DSpacc/</link>
      <pubDate>Mon, 31 Oct 2022 00:00:00 +0000</pubDate>
      <guid>/it/blog/2022-10-31-Storia-antica-del-DSpacc/</guid>
      <description>Quasi due mesi fa, un po&amp;rsquo; casualmente mi è tornato alla mente il DSpacc; prima come concetto, parlandone con gente online, e poi direttamente come l&amp;rsquo;oggettino che fieramente possiedo.&#xA;Questo mio coso ha visto la polvere, la gloria, la guerra, e la disperazione. Proprio di questo avrei dovuto parlare oggi, di cosa io abbia fatto di recente per togliere un po&amp;rsquo; di polvere e riportare così il mio dispositivo alla gloria.</description>
    </item>
    <item>
      <title>👾 L&#39;emulazione NDS, Google Play, e una storia oscura</title>
      <link>/it/blog/2022-07-27-Lemulazione-NDS-Google-Play-e-una-storia-oscura/</link>
      <pubDate>Wed, 27 Jul 2022 00:00:00 +0000</pubDate>
      <guid>/it/blog/2022-07-27-Lemulazione-NDS-Google-Play-e-una-storia-oscura/</guid>
      <description>Il Nintendo DS. Basta, non serve dire altro; in fondo, tra nintenditori, ci si intende.&#xA;Una console che, 15 anni fa, ha saputo innovare il mercato con lo stesso spirito con cui il Gameboy innovò a suo tempo. Una console le cui esclusive rimangono, ancora oggi, delle perle senza tempo.&#xA;Per quanto mi piacerebbe stare a tessere interminabili lodi al DS, però, oggi sono qui a parlarvi di altro.&#xA;Oggi vi parlo di emulazione, e di un&amp;rsquo;area specifica della scena dell&amp;rsquo;emulazione NDS: quella Android.</description>
    </item>
  </channel>
</rss>
