<?xml version="1.0" encoding="utf-8" standalone="yes"?>
<rss version="2.0" xmlns:atom="http://www.w3.org/2005/Atom">
  <channel>
    <title>MicroBlog on ✨sitoctt✨</title>
    <link>/es/categories/MicroBlog/</link>
    <description>Recent content in MicroBlog on ✨sitoctt✨</description>
    <generator>Hugo</generator>
    <language>es</language>
    <lastBuildDate>Thu, 20 Oct 2022 00:00:00 +0000</lastBuildDate>
    <atom:link href="/es/categories/MicroBlog/index.xml" rel="self" type="application/rss+xml" />
    <item>
      <title>Actualizaciones de DSpacc - Clave maldita</title>
      <link>/es/blog/2022-10-16-Actualizaciones-de-DSpacc-Clave-maldita/</link>
      <pubDate>Sun, 16 Oct 2022 00:00:00 +0000</pubDate>
      <guid>/es/blog/2022-10-16-Actualizaciones-de-DSpacc-Clave-maldita/</guid>
      <description>Precaución&#xA;El contenido de esta página ha sido íntegramente traducido por máquina al español, a partir de Italiano. Por lo tanto, puede contener errores de cualquier tipo.&#xA;Hace un mes, en el [post del 18 de octubre](./2022-09-18- Quando-Metto-Mano-Io-Spacc.html), dije brevemente que era el DSpacc, y que nuevo lío tenía causado.&#xA;Bueno, esta vez lo hice aún peor; Para entender las proporciones, es bueno repasar por un segundo lo que había escrito.</description>
    </item>
    <item>
      <title>Nuevas fronteras</title>
      <link>/es/blog/2022-09-23-Nuevas-fronteras/</link>
      <pubDate>Fri, 23 Sep 2022 00:00:00 +0000</pubDate>
      <guid>/es/blog/2022-09-23-Nuevas-fronteras/</guid>
      <description>Precaución&#xA;El contenido de esta página ha sido íntegramente traducido por máquina al español, a partir de Italiano. Por lo tanto, puede contener errores de cualquier tipo.&#xA;Desde que lo descubrí hace unos días. Estoy probando ese software épico que es TiddlyWiki.&#xA;Inicialmente lo encontré mientras buscaba algo para organizar notas en un formato rico, que pudiera usar para la escuela y que obviamente fuera gratis.&#xA;Es un software wiki, prácticamente en la misma categoría que MediaWiki (el software en el que se basa Wikipedia), pero tiene características muy particulares.</description>
    </item>
    <item>
      <title>Cuando tengo en mis manos me rockeo</title>
      <link>/es/blog/2022-09-18-Cuando-tengo-en-mis-manos-me-rockeo/</link>
      <pubDate>Sun, 18 Sep 2022 00:00:00 +0000</pubDate>
      <guid>/es/blog/2022-09-18-Cuando-tengo-en-mis-manos-me-rockeo/</guid>
      <description>Precaución&#xA;El contenido de esta página ha sido íntegramente traducido por máquina al español, a partir de Italiano. Por lo tanto, puede contener errores de cualquier tipo.&#xA;El otro día recordé, digamos, el hecho de que tengo una Nintendo DSpacc en mi cajón.&#xA;No me avergüenza admitir que está en desuso, porque lo único que puedo jugar con él es Pokémon Rubí.&#xA;¡Pero no porque solo quede una pantalla! Es porque&amp;hellip;</description>
    </item>
    <item>
      <title>¿Qué está pasando?</title>
      <link>/es/blog/2022-09-11-Qu%C3%A9-est%C3%A1-pasando/</link>
      <pubDate>Sun, 11 Sep 2022 00:00:00 +0000</pubDate>
      <guid>/es/blog/2022-09-11-Qu%C3%A9-est%C3%A1-pasando/</guid>
      <description>Precaución&#xA;El contenido de esta página ha sido íntegramente traducido por máquina al español, a partir de Italiano. Por lo tanto, puede contener errores de cualquier tipo.&#xA;Estos últimos 7 días se ha dicho o hecho muy poco aquí en el sitio ctt.&#xA;Creé esta sección para usarla como diario general, pero recién ahora estoy escribiendo algo.&#xA;En primer lugar, la escuela empezó de nuevo anteayer para mí.&#xA;Todavía es pronto para que me robe el tiempo por la tarde, pero por la mañana la historia es un poco la que es.</description>
    </item>
    <item>
      <title>Archivos del MicroBlog de septiembre de 2019</title>
      <link>/es/blog/1-01-01-Archivos-del-MicroBlog-de-septiembre-de-2019/</link>
      <pubDate>Mon, 01 Jan 0001 00:00:00 +0000</pubDate>
      <guid>/es/blog/1-01-01-Archivos-del-MicroBlog-de-septiembre-de-2019/</guid>
      <description>Precaución&#xA;El contenido de esta página ha sido íntegramente traducido por máquina al español, a partir de Italiano. Por lo tanto, puede contener errores de cualquier tipo.&#xA;[2019-09-18 20:58] Lagwei lazur A.y: ooooo&#xA;Octt: que ezear ese lazur morado&#xA;Oct: los misterios de lagwei&#xA;[&amp;hellip;] {: .Centro }&#xA;A.y: ser sensor de proximidad&#xA;A.y: si rompes vidrio encima de eso&#xA;A.y: Lo sé por experiencia&#xA;no, eso no es cierto [2019-09-17 15:16] Varias pruebas con el Galaxy Player : Buen Lagsung</description>
    </item>
  </channel>
</rss>
