<?xml version="1.0" encoding="utf-8" standalone="yes"?>
<rss version="2.0" xmlns:atom="http://www.w3.org/2005/Atom">
  <channel>
    <title>Categories on ✨sitoctt✨</title>
    <link>/en/categories/</link>
    <description>Recent content in Categories on ✨sitoctt✨</description>
    <generator>Hugo</generator>
    <language>en</language>
    <lastBuildDate>Wed, 28 Aug 2024 00:00:00 +0000</lastBuildDate>
    <atom:link href="/en/categories/index.xml" rel="self" type="application/rss+xml" />
    <item>
      <title>Internet</title>
      <link>/en/categories/Internet/</link>
      <pubDate>Wed, 28 Aug 2024 00:00:00 +0000</pubDate>
      <guid>/en/categories/Internet/</guid>
      <description></description>
    </item>
    <item>
      <title>Gaming</title>
      <link>/en/categories/Gaming/</link>
      <pubDate>Wed, 18 Oct 2023 00:00:00 +0000</pubDate>
      <guid>/en/categories/Gaming/</guid>
      <description></description>
    </item>
    <item>
      <title>Technology</title>
      <link>/en/categories/Technology/</link>
      <pubDate>Wed, 22 Mar 2023 00:00:00 +0000</pubDate>
      <guid>/en/categories/Technology/</guid>
      <description></description>
    </item>
    <item>
      <title>DIY</title>
      <link>/en/categories/DIY/</link>
      <pubDate>Tue, 21 Mar 2023 00:00:00 +0000</pubDate>
      <guid>/en/categories/DIY/</guid>
      <description></description>
    </item>
    <item>
      <title>Mobile</title>
      <link>/en/categories/Mobile/</link>
      <pubDate>Tue, 21 Mar 2023 00:00:00 +0000</pubDate>
      <guid>/en/categories/Mobile/</guid>
      <description></description>
    </item>
    <item>
      <title>📒 Old MicroBlogs</title>
      <link>/en/categories/MicroBlog/</link>
      <pubDate>Thu, 20 Oct 2022 00:00:00 +0000</pubDate>
      <guid>/en/categories/MicroBlog/</guid>
      <description>Caution&#xA;The content of this page has been entirely machine-translated into English, from Italiano. Therefore, it might contain any kind of errors.&#xA;As announced in the article &amp;ldquo;🎇 The reportctt of this 2023, at least in terms of posting! &amp;ldquo;, the Old MicroBlog is now deprecated, and will no longer be updated. What follows is the archive of old content, which will remain readable. The new posts will then be published on the New Unified MicroBlog, accessible from the site menu.</description>
    </item>
    <item>
      <title>Sysadmin</title>
      <link>/en/categories/Sysadmin/</link>
      <pubDate>Wed, 29 Jun 2022 00:00:00 +0000</pubDate>
      <guid>/en/categories/Sysadmin/</guid>
      <description></description>
    </item>
    <item>
      <title>Blog</title>
      <link>/en/categories/Blog/</link>
      <pubDate>Mon, 01 Jan 0001 00:00:00 +0000</pubDate>
      <guid>/en/categories/Blog/</guid>
      <description></description>
    </item>
    <item>
      <title>Ecology</title>
      <link>/en/categories/Ecology/</link>
      <pubDate>Mon, 01 Jan 0001 00:00:00 +0000</pubDate>
      <guid>/en/categories/Ecology/</guid>
      <description></description>
    </item>
    <item>
      <title>Fried-Mixed</title>
      <link>/en/categories/Fried-Mixed/</link>
      <pubDate>Mon, 01 Jan 0001 00:00:00 +0000</pubDate>
      <guid>/en/categories/Fried-Mixed/</guid>
      <description></description>
    </item>
    <item>
      <title>Rasperino</title>
      <link>/en/categories/Rasperino/</link>
      <pubDate>Mon, 01 Jan 0001 00:00:00 +0000</pubDate>
      <guid>/en/categories/Rasperino/</guid>
      <description></description>
    </item>
  </channel>
</rss>
