<?xml version="1.0" encoding="utf-8" standalone="yes"?>
<rss version="2.0" xmlns:atom="http://www.w3.org/2005/Atom">
  <channel>
    <title>Technologie on ✨sitoctt✨</title>
    <link>/fr/categories/Technologie/</link>
    <description>Recent content in Technologie on ✨sitoctt✨</description>
    <generator>Hugo</generator>
    <language>fr</language>
    <lastBuildDate>Fri, 30 Jun 2023 00:00:00 +0000</lastBuildDate>
    <atom:link href="/fr/categories/Technologie/index.xml" rel="self" type="application/rss+xml" />
    <item>
      <title>☣️ La laideur insoluble du dock Nintendo Switch (Partie I)</title>
      <link>/fr/blog/2023-06-30-%EF%B8%8F-La-laideur-insoluble-du-dock-Nintendo-Switch-Partie-I/</link>
      <pubDate>Fri, 30 Jun 2023 00:00:00 +0000</pubDate>
      <guid>/fr/blog/2023-06-30-%EF%B8%8F-La-laideur-insoluble-du-dock-Nintendo-Switch-Partie-I/</guid>
      <description>Prudence&#xA;Le contenu de cette page a été entièrement et automatiquement traduit en français, à partir de Italiano. Il peut donc contenir toutes sortes d&amp;rsquo;erreurs.&#xA;Remarque : Cet article aurait dû d&#39;abord expliquer les problèmes de la station d&#39;accueil Switch, puis a continué et s&#39;est terminé par &gt;le développement total de mon solution alternative. La première partie était cependant assez longue et j&#39;ai peur qu&#39;elle éclipse la partie vraiment importante, celle de ma solution dangereusement originale.</description>
    </item>
    <item>
      <title>Récolte du riz</title>
      <link>/fr/miscellanea/R%C3%A9colte-du-riz/</link>
      <pubDate>Wed, 22 Mar 2023 00:00:00 +0000</pubDate>
      <guid>/fr/miscellanea/R%C3%A9colte-du-riz/</guid>
      <description>Prudence&#xA;Le contenu de cette page a été entièrement et automatiquement traduit en français, à partir de Italiano. Il peut donc contenir toutes sortes d&amp;rsquo;erreurs.&#xA;Rice Collection - ou, pour le dire plus exactement, collection de mes ricing : personnalisations d&amp;rsquo;interface apportées à mes systèmes d&amp;rsquo;exploitation.&#xA;Dans la communauté Linux, les termes « riz » et « ricing » sont courants pour désigner une variété de personnalisations cosmétiques faites maison que les passionnés effectuent pour diverses raisons.</description>
    </item>
    <item>
      <title>⚡️ Blog rapide avec notes standard</title>
      <link>/fr/blog/2022-12-13-%EF%B8%8F-Blog-rapide-avec-notes-standard/</link>
      <pubDate>Tue, 13 Dec 2022 00:00:00 +0000</pubDate>
      <guid>/fr/blog/2022-12-13-%EF%B8%8F-Blog-rapide-avec-notes-standard/</guid>
      <description>Prudence&#xA;Le contenu de cette page a été entièrement et automatiquement traduit en français, à partir de Italiano. Il peut donc contenir toutes sortes d&amp;rsquo;erreurs.&#xA;Je dirais que j&#39;utilise Notes standard depuis longtemps en tant qu&#39;application &lt; strong&gt;notes personnelles.&#xA;Il y a des années, je l&#39;ai choisi parce qu&#39;il était gratuit et open-source, mais en même temps très propre, bien entretenu et fonctionnel. C&#39;était la solution idéale à une époque où je recherchais quelque chose prenant en charge le cryptage des données qui fonctionne, sans affecter la convivialité.</description>
    </item>
    <item>
      <title>👾 Émulation NDS, Google Play et un sombre historique</title>
      <link>/fr/blog/2022-07-27-%C3%89mulation-NDS-Google-Play-et-un-sombre-historique/</link>
      <pubDate>Wed, 27 Jul 2022 00:00:00 +0000</pubDate>
      <guid>/fr/blog/2022-07-27-%C3%89mulation-NDS-Google-Play-et-un-sombre-historique/</guid>
      <description>Prudence&#xA;Le contenu de cette page a été entièrement et automatiquement traduit en français, à partir de Italiano. Il peut donc contenir toutes sortes d&amp;rsquo;erreurs.&#xA;La Nintendo DS. Assez, il n&amp;rsquo;est pas nécessaire de dire autre chose ; après tout, entre connaisseurs, on se comprend. Une console qui, il y a 15 ans, a su innover sur le marché avec le même esprit avec lequel la Gameboy innovait à son époque.</description>
    </item>
    <item>
      <title>💻 Comment j&#39;ai réparé mon ordinateur portable (avec 25 €)</title>
      <link>/fr/blog/2022-07-09-Comment-jai-r%C3%A9par%C3%A9-mon-ordinateur-portable-avec-25/</link>
      <pubDate>Sat, 09 Jul 2022 00:00:00 +0000</pubDate>
      <guid>/fr/blog/2022-07-09-Comment-jai-r%C3%A9par%C3%A9-mon-ordinateur-portable-avec-25/</guid>
      <description>Prudence&#xA;Le contenu de cette page a été entièrement et automatiquement traduit en français, à partir de Italiano. Il peut donc contenir toutes sortes d&amp;rsquo;erreurs.&#xA;Depuis presque 7 ans, j&amp;rsquo;ai un ordinateur portable Acer, Aspire V3-572G, sans doute maintenant un peu vieux, sans louange et avec une certaine infamie.&#xA;Lors de son achat, il s’agissait essentiellement d’un ordinateur portable de milieu de gamme comme les autres, sans fonctionnalités notables. Je veux dire, je l&amp;rsquo;ai pas mal utilisé et il a plus ou moins toujours fait ce qu&amp;rsquo;il était censé faire, jusqu&amp;rsquo;à il y a environ 2 ans, j&amp;rsquo;ai commencé à exiger d&amp;rsquo;utiliser des jeux lourds et des outils de développement, à ce moment-là, le nouveau PC (de bureau) était génial.</description>
    </item>
    <item>
      <title>⌨️ L&#39;idée d&#39;un clavier physique pour smartphone fait maison</title>
      <link>/fr/blog/2022-07-03-%EF%B8%8F-Lid%C3%A9e-dun-clavier-physique-pour-smartphone-fait-maison/</link>
      <pubDate>Sun, 03 Jul 2022 00:00:00 +0000</pubDate>
      <guid>/fr/blog/2022-07-03-%EF%B8%8F-Lid%C3%A9e-dun-clavier-physique-pour-smartphone-fait-maison/</guid>
      <description>Prudence&#xA;Le contenu de cette page a été entièrement et automatiquement traduit en français, à partir de Italiano. Il peut donc contenir toutes sortes d&amp;rsquo;erreurs.&#xA;Il y a peut-être un an, en partie par curiosité et en partie parce que j&amp;rsquo;imaginais déjà que cela aurait pu être quelque chose de pratique, j&amp;rsquo;ai développé un intérêt marginal pour les smartphones équipés de claviers physiques complets.&#xA;Je ne parle pas des foutus claviers numériques, que l&amp;rsquo;on voit encore aujourd&amp;rsquo;hui sur les téléphones non intelligents, je veux dire des claviers avec des dizaines de touches individuelles dédiées aux lettres et aux symboles.</description>
    </item>
    <item>
      <title>☀️ Rasperino Solare (et autres expériences qui ont mal tourné)</title>
      <link>/fr/blog/2022-06-23-%EF%B8%8F-Rasperino-Solare-et-autres-exp%C3%A9riences-qui-ont-mal-tourn%C3%A9/</link>
      <pubDate>Thu, 23 Jun 2022 00:00:00 +0000</pubDate>
      <guid>/fr/blog/2022-06-23-%EF%B8%8F-Rasperino-Solare-et-autres-exp%C3%A9riences-qui-ont-mal-tourn%C3%A9/</guid>
      <description>Prudence&#xA;Le contenu de cette page a été entièrement et automatiquement traduit en français, à partir de Italiano. Il peut donc contenir toutes sortes d&amp;rsquo;erreurs.&#xA;Il y a quelques mois, j&amp;rsquo;ai acheté en ligne un petit panneau solaire monocristallin, avec des dimensions similaires à celles d&amp;rsquo;une feuille A4, pour le chiffre d&amp;rsquo;environ 20 € (sur Amazon.it les vendeurs sont tous des voleurs, sur Aliexpress cela aurait coûté un peu moins cher).</description>
    </item>
    <item>
      <title>Les avantages inattendus de la clé Linux</title>
      <link>/fr/blog/2022-05-07-Les-avantages-inattendus-de-la-cl%C3%A9-Linux/</link>
      <pubDate>Sat, 07 May 2022 00:00:00 +0000</pubDate>
      <guid>/fr/blog/2022-05-07-Les-avantages-inattendus-de-la-cl%C3%A9-Linux/</guid>
      <description>Prudence&#xA;Le contenu de cette page a été entièrement et automatiquement traduit en français, à partir de Italiano. Il peut donc contenir toutes sortes d&amp;rsquo;erreurs.&#xA;Une chose que j&amp;rsquo;ai faite il y a des mois et qui, jusqu&amp;rsquo;à présent, s&amp;rsquo;est avérée être un choix gagnant, a été d&amp;rsquo;installer un système d&amp;rsquo;exploitation basé sur Linux, en mode persistant, * sur* un petite clé USB.&#xA;Les raisons pour lesquelles j&amp;rsquo;ai voulu le faire au départ sont peut-être simples et banales, mais cela m&amp;rsquo;a apporté, après une analyse minutieuse, des avantages inattendus qui étaient bien plus que bienvenus.</description>
    </item>
  </channel>
</rss>
