<?xml version="1.0" encoding="utf-8" standalone="yes"?>
<rss version="2.0" xmlns:atom="http://www.w3.org/2005/Atom">
  <channel>
    <title>Miscelánea🪁️ on ✨sitoctt✨</title>
    <link>/es/miscellanea/</link>
    <description>Recent content in Miscelánea🪁️ on ✨sitoctt✨</description>
    <generator>Hugo</generator>
    <language>es</language>
    <lastBuildDate>Wed, 28 Aug 2024 00:00:00 +0000</lastBuildDate>
    <atom:link href="/es/miscellanea/index.xml" rel="self" type="application/rss+xml" />
    <item>
      <title>Colección de sitios de Internet</title>
      <link>/es/miscellanea/Colecci%C3%B3n-de-sitios-de-Internet/</link>
      <pubDate>Wed, 28 Aug 2024 00:00:00 +0000</pubDate>
      <guid>/es/miscellanea/Colecci%C3%B3n-de-sitios-de-Internet/</guid>
      <description>Precaución&#xA;El contenido de esta página ha sido íntegramente traducido por máquina al español, a partir de Italiano. Por lo tanto, puede contener errores de cualquier tipo.&#xA;Una colección dedicada a algunos sitios interesantes de Internet (¡no sólo web!), de varios tipos, que encuentro o que pertenecen a personas que conozco.&#xA;Aparte de la división en categorías, no existe ningún orden particular.&#xA;Las banderas de los países (emoji, quizás no visibles en navegadores más antiguos) junto a los nombres indican los idiomas principales del contenido del sitio.</description>
    </item>
    <item>
      <title>En el sitio</title>
      <link>/es/miscellanea/En-el-sitio/</link>
      <pubDate>Sun, 25 Aug 2024 00:00:00 +0000</pubDate>
      <guid>/es/miscellanea/En-el-sitio/</guid>
      <description>Precaución&#xA;El contenido de esta página ha sido íntegramente traducido por máquina al español, a partir de Italiano. Por lo tanto, puede contener errores de cualquier tipo.&#xA;Esta era inicialmente la página de inicio del sitio, pero se ha vuelto tan problemáticamente larga que&amp;hellip; no importa, todo se explica en el nuevo hogar. ¡Aquí, por lo tanto, está la serie clásica de información suelta sobre el ✨sitoctt✨ (parte de ella es antigua, se actualizará según las novedades)!</description>
    </item>
    <item>
      <title>😺 Quién soy</title>
      <link>/es/miscellanea/Qui%C3%A9n-soy/</link>
      <pubDate>Tue, 17 Oct 2023 00:00:00 +0000</pubDate>
      <guid>/es/miscellanea/Qui%C3%A9n-soy/</guid>
      <description>Precaución&#xA;El contenido de esta página ha sido íntegramente traducido por máquina al español, a partir de Italiano. Por lo tanto, puede contener errores de cualquier tipo.&#xA;Con razón, al venir aquí, haya leído o no la información general en el sitio Inicio, se preguntará quién soy.&#xA;Soy octubre. Sí, así es, Octt del que toma su nombre sitoctt, mi sitio.&#xA;Octt se pronuncia &amp;ldquo;òctt&amp;rdquo; - como sitoctt, pero sin &amp;ldquo;sit&amp;rdquo;.</description>
    </item>
    <item>
      <title>Cosecha de arroz</title>
      <link>/es/miscellanea/Cosecha-de-arroz/</link>
      <pubDate>Wed, 22 Mar 2023 00:00:00 +0000</pubDate>
      <guid>/es/miscellanea/Cosecha-de-arroz/</guid>
      <description>Precaución&#xA;El contenido de esta página ha sido íntegramente traducido por máquina al español, a partir de Italiano. Por lo tanto, puede contener errores de cualquier tipo.&#xA;Rice Collection - o, para decirlo más correctamente, colección de mis ricing: personalizaciones de interfaz realizadas en mis sistemas operativos.&#xA;En la comunidad de Linux, los términos &amp;ldquo;arroz&amp;rdquo; y &amp;ldquo;ricing&amp;rdquo; son comunes para referirse a una variedad de personalizaciones cosméticas de bricolaje que los aficionados realizan por diversas razones.</description>
    </item>
    <item>
      <title>💰 Donaciones</title>
      <link>/es/miscellanea/Donaciones/</link>
      <pubDate>Sat, 12 Nov 2022 00:00:00 +0000</pubDate>
      <guid>/es/miscellanea/Donaciones/</guid>
      <description>Precaución&#xA;El contenido de esta página ha sido íntegramente traducido por máquina al español, a partir de Italiano. Por lo tanto, puede contener errores de cualquier tipo.&#xA;Me dijeron que debería hacer que el sitio sea rentable.&#xA;De hecho, si lo piensas bien, tienen razón, pero… hay un pero.&#xA;Como no puedo, por razones obvias de decencia humana, poner publicidad, rastreadores variados o criptomineros en el sitio, opto por algo menos invasivo: esta página.</description>
    </item>
    <item>
      <title>✉️ Archivos PicoBlog</title>
      <link>/es/miscellanea/%EF%B8%8F-Archivos-PicoBlog/</link>
      <pubDate>Mon, 01 Jan 0001 00:00:00 +0000</pubDate>
      <guid>/es/miscellanea/%EF%B8%8F-Archivos-PicoBlog/</guid>
      <description>Precaución&#xA;El contenido de esta página ha sido íntegramente traducido por máquina al español, a partir de Italiano. Por lo tanto, puede contener errores de cualquier tipo.&#xA;Como se anuncia en el artículo &amp;ldquo;🎇 El informe ctt de este 2023, ¡al menos en términos de publicaciones!&amp;rdquo;, PicoBlog ahora está obsoleto y ya no se actualizará. Lo que sigue es el archivo de contenido antiguo, que seguirá siendo legible. Las nuevas publicaciones se publicarán luego en el Nuevo MicroBlog Unificado, accesible desde el menú del sitio.</description>
    </item>
    <item>
      <title>🎶 Colección de música</title>
      <link>/es/miscellanea/Colecci%C3%B3n-de-m%C3%BAsica/</link>
      <pubDate>Mon, 01 Jan 0001 00:00:00 +0000</pubDate>
      <guid>/es/miscellanea/Colecci%C3%B3n-de-m%C3%BAsica/</guid>
      <description>Precaución&#xA;El contenido de esta página ha sido íntegramente traducido por máquina al español, a partir de Italiano. Por lo tanto, puede contener errores de cualquier tipo.&#xA;Bajo construcción&amp;hellip;&#xA;Macross 82-99&#xA;Principalmente música del género Future-Funk, un subgénero del vaporwave con un tono más rítmico y agradable. Cada álbum tiene temas sonoros diferentes, con referencias a la cultura pop japonesa de los años 80 y 90. Más o menos todas sus canciones consiguen ser muy tranquilas y relajantes.</description>
    </item>
    <item>
      <title>Colección de cosas aleatorias</title>
      <link>/es/miscellanea/Colecci%C3%B3n-de-cosas-aleatorias/</link>
      <pubDate>Mon, 01 Jan 0001 00:00:00 +0000</pubDate>
      <guid>/es/miscellanea/Colecci%C3%B3n-de-cosas-aleatorias/</guid>
      <description>Precaución&#xA;El contenido de esta página ha sido íntegramente traducido por máquina al español, a partir de Italiano. Por lo tanto, puede contener errores de cualquier tipo.&#xA;Esto es literalmente una colección de cosas aleatorias que se encuentran en Internet o en archivos extraños en mi PC. No espere que haya un contexto comprensible para nada de esto&amp;hellip;&#xA;La Miseria (Origen y Licencia del vídeo: Desconocido)&#xA;[2019-10-28 10:26] APKPure, una tienda de aplicaciones de Android, integra funciones sociales por alguna razón.</description>
    </item>
    <item>
      <title>Tarjetas QR</title>
      <link>/es/miscellanea/Tarjetas-QR/</link>
      <pubDate>Mon, 01 Jan 0001 00:00:00 +0000</pubDate>
      <guid>/es/miscellanea/Tarjetas-QR/</guid>
      <description>Precaución&#xA;El contenido de esta página ha sido íntegramente traducido por máquina al español, a partir de Italiano. Por lo tanto, puede contener errores de cualquier tipo.&#xA;Aquí hay una idea que me vino a la cabeza a principios de 2022, no estoy seguro de por qué. O mejor dicho, fue un período en el que estaba interesado en el concepto de utilizar el papel como medio para almacenar pequeños datos informáticos, pero no sé por qué comencé a sentir este gusto.</description>
    </item>
  </channel>
</rss>
