<?xml version="1.0" encoding="utf-8" standalone="yes"?>
<rss version="2.0" xmlns:atom="http://www.w3.org/2005/Atom">
  <channel>
    <title>Rasperino on ✨sitoctt✨</title>
    <link>/en/categories/Rasperino/</link>
    <description>Recent content in Rasperino on ✨sitoctt✨</description>
    <generator>Hugo</generator>
    <language>en</language>
    <lastBuildDate>Sat, 28 Jan 2023 00:00:00 +0000</lastBuildDate>
    <atom:link href="/en/categories/Rasperino/index.xml" rel="self" type="application/rss+xml" />
    <item>
      <title>🤯 When hardware problems become mental (damn Raspino)</title>
      <link>/en/blog/2023-01-28-When-hardware-problems-become-mental-damn-Raspino/</link>
      <pubDate>Sat, 28 Jan 2023 00:00:00 +0000</pubDate>
      <guid>/en/blog/2023-01-28-When-hardware-problems-become-mental-damn-Raspino/</guid>
      <description>Caution&#xA;The content of this page has been entirely machine-translated into English, from Italiano. Therefore, it might contain any kind of errors.&#xA;Until now 2 months ago, my kingdom of Rasperino was at its maximum splendor: the Misskey instance, set up just 2 weeks earlier, &lt; strong&gt;it was going great, and now (almost) everything seemed destined to continue well...&#xA;And instead, problems arose. Let&#39;s say it took me a little while to notice, because they developed in a strangely gradual way.</description>
    </item>
    <item>
      <title>☀️ Rasperino Solare (and other experiments gone wrong)</title>
      <link>/en/blog/2022-06-23-%EF%B8%8F-Rasperino-Solare-and-other-experiments-gone-wrong/</link>
      <pubDate>Thu, 23 Jun 2022 00:00:00 +0000</pubDate>
      <guid>/en/blog/2022-06-23-%EF%B8%8F-Rasperino-Solare-and-other-experiments-gone-wrong/</guid>
      <description>Caution&#xA;The content of this page has been entirely machine-translated into English, from Italiano. Therefore, it might contain any kind of errors.&#xA;A few months ago I bought a small monocrystalline solar panel online, with dimensions similar to those of an A4 sheet, for the figure of around €20 (on Amazon.it the sellers are all thieves, on Aliexpress it would have cost a little less).&#xA;![Screenshot of a photo sent in chat.</description>
    </item>
  </channel>
</rss>
