<?xml version="1.0" encoding="utf-8" standalone="yes"?>
<rss version="2.0" xmlns:atom="http://www.w3.org/2005/Atom">
  <channel>
    <title>Reviews on ✨sitoctt✨</title>
    <link>/en/categories/Reviews/</link>
    <description>Recent content in Reviews on ✨sitoctt✨</description>
    <generator>Hugo</generator>
    <language>en</language>
    <lastBuildDate>Sun, 07 Apr 2024 00:00:00 +0000</lastBuildDate>
    <atom:link href="/en/categories/Reviews/index.xml" rel="self" type="application/rss+xml" />
    <item>
      <title>🚀 LIBERTY WINGS: a Short RPG about Freedom (Review)</title>
      <link>/en/blog/2024-04-07-LIBERTY-WINGS-a-Short-RPG-about-Freedom-Review/</link>
      <pubDate>Sun, 07 Apr 2024 00:00:00 +0000</pubDate>
      <guid>/en/blog/2024-04-07-LIBERTY-WINGS-a-Short-RPG-about-Freedom-Review/</guid>
      <description>Caution&#xA;The content of this page has been entirely machine-translated into English, from Italiano. Therefore, it might contain any kind of errors.&#xA;Just the day before yesterday, a game jam ended, that is, an (online) video game development competition based on creating something using RPG Maker 95, a very old version of the series in question. game engines. ...It wasn&#39;t well publicized, it seems? Because searching on the web I can&#39;t find a shred of an announcement page or one that collects the jobs.</description>
    </item>
  </channel>
</rss>
