<?xml version="1.0" encoding="utf-8" standalone="yes"?>
<rss version="2.0" xmlns:atom="http://www.w3.org/2005/Atom">
  <channel>
    <title>Rasperino on ✨sitoctt✨</title>
    <link>/fr/categories/Rasperino/</link>
    <description>Recent content in Rasperino on ✨sitoctt✨</description>
    <generator>Hugo</generator>
    <language>fr</language>
    <lastBuildDate>Sat, 28 Jan 2023 00:00:00 +0000</lastBuildDate>
    <atom:link href="/fr/categories/Rasperino/index.xml" rel="self" type="application/rss+xml" />
    <item>
      <title>🤯 Quand les problèmes matériels deviennent mentaux (putain de Raspino)</title>
      <link>/fr/blog/2023-01-28-Quand-les-probl%C3%A8mes-mat%C3%A9riels-deviennent-mentaux-putain-de-Raspino/</link>
      <pubDate>Sat, 28 Jan 2023 00:00:00 +0000</pubDate>
      <guid>/fr/blog/2023-01-28-Quand-les-probl%C3%A8mes-mat%C3%A9riels-deviennent-mentaux-putain-de-Raspino/</guid>
      <description>Prudence&#xA;Le contenu de cette page a été entièrement et automatiquement traduit en français, à partir de Italiano. Il peut donc contenir toutes sortes d&amp;rsquo;erreurs.&#xA;Jusqu&#39;à il y a 2 mois, mon royaume de Rasperino était à sa splendeur maximale : l&#39;instance Misskey, mise en place à peine 2 semaines plus tôt, &lt; strong&gt;elle allait génial, et maintenant (presque) tout semblait destiné à bien continuer...&#xA;Et au lieu de cela, des problèmes sont survenus.</description>
    </item>
    <item>
      <title>☀️ Rasperino Solare (et autres expériences qui ont mal tourné)</title>
      <link>/fr/blog/2022-06-23-%EF%B8%8F-Rasperino-Solare-et-autres-exp%C3%A9riences-qui-ont-mal-tourn%C3%A9/</link>
      <pubDate>Thu, 23 Jun 2022 00:00:00 +0000</pubDate>
      <guid>/fr/blog/2022-06-23-%EF%B8%8F-Rasperino-Solare-et-autres-exp%C3%A9riences-qui-ont-mal-tourn%C3%A9/</guid>
      <description>Prudence&#xA;Le contenu de cette page a été entièrement et automatiquement traduit en français, à partir de Italiano. Il peut donc contenir toutes sortes d&amp;rsquo;erreurs.&#xA;Il y a quelques mois, j&amp;rsquo;ai acheté en ligne un petit panneau solaire monocristallin, avec des dimensions similaires à celles d&amp;rsquo;une feuille A4, pour le chiffre d&amp;rsquo;environ 20 € (sur Amazon.it les vendeurs sont tous des voleurs, sur Aliexpress cela aurait coûté un peu moins cher).</description>
    </item>
  </channel>
</rss>
